sapka_rengi,sapka_sekli,solungac_rengi,koku,habitat,halka_tipi,sinif
sarı,içbükey,beyaz,baharatlı,orman,tek,zehirli
gri,düz,beyaz,kokusuz,odunluk,yok,zehirli
kahverengi,yuvarlak,kahverengi,baharatlı,çayır,tek,zehirli
kahverengi,yuvarlak,kahverengi,kreosot,bahçe,tek,zehirli
beyaz,yuvarlak,beyaz,kokusuz,orman,asılı,yenir
gri,yuvarlak,siyah,küflü,çayır,tek,zehirli
kahverengi,içbükey,kahverengi,küflü,orman,iki,zehirli
kahverengi,içbükey,beyaz,tuzlu,gübre,yok,zehirli
kahverengi,yuvarlak,siyah,badem,çayır,tek,yenir
sarı,yuvarlak,pembe,kokusuz,gübre,tek,yenir
kırmızı,yuvarlak,siyah,çürük,bahçe,yok,zehirli
kahverengi,düz,siyah,çürük,kentsel,tek,zehirli
sarı,yuvarlak,beyaz,baharatlı,gübre,iki,zehirli
kırmızı,çan,pembe,çürük,çayır,iki,zehirli
kahverengi,yuvarlak,siyah,baharatlı,orman,iki,zehirli
kahverengi,düz,beyaz,kokusuz,orman,tek,zehirli
gri,çıkıntılı,beyaz,çürük,gübre,tek,zehirli
beyaz,çıkıntılı,çikolata,badem,orman,tek,zehirli
gri,çıkıntılı,siyah,baharatlı,çayır,tek,zehirli
sarı,içbükey,kahverengi,baharatlı,bahçe,tek,yenir
pembe,yuvarlak,kahverengi,badem,orman,tek,yenir
beyaz,yuvarlak,kahverengi,tuzlu,orman,tek,zehirli
pembe,yuvarlak,beyaz,çürük,orman,yok,zehirli
beyaz,düz,pembe,kokusuz,gübre,tek,zehirli
kahverengi,düz,beyaz,kokusuz,çayır,tek,yenir
kahverengi,çan,kahverengi,tuzlu,orman,tek,zehirli
gri,çıkıntılı,kahverengi,küflü,gübre,yok,zehirli
kahverengi,yuvarlak,çikolata,tuzlu,kentsel,tek,zehirli
kırmızı,çıkıntılı,çikolata,çürük,kentsel,tek,zehirli
gri,düz,siyah,kokusuz,kentsel,tek,zehirli
beyaz,çan,beyaz,kokusuz,bahçe,tek,yenir
kırmızı,düz,beyaz,küflü,kentsel,tek,zehirli
kahverengi,yuvarlak,çikolata,anason,gübre,yok,yenir
beyaz,düz,kahverengi,kokusuz,bahçe,tek,zehirli
beyaz,yuvarlak,çikolata,tuzlu,odunluk,tek,zehirli
gri,düz,çikolata,tuzlu,gübre,tek,zehirli
gri,yuvarlak,siyah,baharatlı,odunluk,yok,zehirli
kahverengi,düz,çikolata,kokusuz,çayır,asılı,yenir
beyaz,çan,kahverengi,kokusuz,gübre,yok,yenir
gri,düz,pembe,çürük,kentsel,yok,zehirli
gri,yuvarlak,kahverengi,kokusuz,kentsel,tek,yenir
beyaz,yuvarlak,pembe,kokusuz,orman,yok,zehirli
kahverengi,düz,beyaz,kokusuz,kentsel,tek,zehirli
beyaz,düz,beyaz,küflü,odunluk,iki,zehirli
kırmızı,yuvarlak,kahverengi,kokusuz,orman,asılı,yenir
beyaz,düz,siyah,kokusuz,orman,iki,yenir
beyaz,yuvarlak,çikolata,küflü,kentsel,yok,zehirli
kahverengi,düz,beyaz,kokusuz,orman,tek,zehirli
gri,çan,kahverengi,kokusuz,çayır,iki,zehirli
sarı,düz,beyaz,baharatlı,orman,tek,zehirli
beyaz,çıkıntılı,beyaz,kokusuz,orman,yok,zehirli
beyaz,içbükey,pembe,anason,kentsel,iki,yenir
gri,düz,çikolata,tuzlu,orman,tek,zehirli
kahverengi,yuvarlak,beyaz,kokusuz,orman,yok,zehirli
gri,yuvarlak,siyah,küflü,kentsel,asılı,zehirli
gri,yuvarlak,siyah,çürük,gübre,asılı,zehirli
sarı,çan,kahverengi,tuzlu,gübre,iki,zehirli
kırmızı,yuvarlak,çikolata,baharatlı,gübre,tek,zehirli
sarı,yuvarlak,çikolata,kokusuz,orman,asılı,yenir
beyaz,düz,kahverengi,kokusuz,orman,yok,yenir
kırmızı,çan,siyah,kreosot,orman,iki,zehirli
gri,düz,siyah,kokusuz,bahçe,yok,zehirli
kahverengi,çan,siyah,çürük,bahçe,tek,zehirli
pembe,düz,kahverengi,çürük,odunluk,asılı,zehirli
sarı,yuvarlak,beyaz,baharatlı,çayır,asılı,zehirli
sarı,yuvarlak,kahverengi,kokusuz,orman,tek,yenir
kırmızı,düz,çikolata,anason,orman,asılı,zehirli
pembe,yuvarlak,çikolata,kokusuz,gübre,iki,yenir
kahverengi,düz,çikolata,baharatlı,kentsel,yok,zehirli
beyaz,düz,çikolata,kokusuz,orman,asılı,yenir
sarı,düz,kahverengi,kokusuz,çayır,tek,yenir
kahverengi,içbükey,çikolata,küflü,çayır,tek,zehirli
beyaz,yuvarlak,çikolata,çürük,odunluk,yok,zehirli
sarı,içbükey,çikolata,kokusuz,orman,tek,yenir
pembe,yuvarlak,pembe,anason,odunluk,yok,yenir
sarı,düz,kahverengi,kokusuz,gübre,yok,yenir
pembe,düz,beyaz,tuzlu,gübre,tek,zehirli
kahverengi,içbükey,beyaz,kokusuz,kentsel,yok,yenir
kahverengi,çan,pembe,çürük,çayır,asılı,zehirli
beyaz,çıkıntılı,kahverengi,kokusuz,orman,yok,yenir
kırmızı,yuvarlak,siyah,kokusuz,çayır,yok,zehirli
sarı,içbükey,kahverengi,baharatlı,bahçe,tek,zehirli
gri,içbükey,siyah,tuzlu,çayır,tek,zehirli
pembe,düz,kahverengi,baharatlı,orman,tek,zehirli
kahverengi,yuvarlak,siyah,baharatlı,orman,tek,zehirli
sarı,çan,siyah,kokusuz,orman,tek,zehirli
kahverengi,yuvarlak,siyah,kreosot,orman,tek,zehirli
beyaz,yuvarlak,beyaz,baharatlı,orman,asılı,zehirli
kahverengi,yuvarlak,beyaz,küflü,orman,tek,zehirli
sarı,düz,kahverengi,kreosot,bahçe,tek,zehirli
kırmızı,çıkıntılı,pembe,baharatlı,orman,iki,zehirli
kahverengi,yuvarlak,kahverengi,kokusuz,orman,tek,yenir
kahverengi,çıkıntılı,pembe,küflü,bahçe,iki,zehirli
beyaz,düz,beyaz,kreosot,orman,tek,zehirli
beyaz,düz,kahverengi,tuzlu,kentsel,tek,zehirli
kahverengi,yuvarlak,siyah,kokusuz,orman,tek,yenir
kahverengi,düz,kahverengi,tuzlu,orman,tek,yenir
gri,çıkıntılı,kahverengi,kokusuz,kentsel,asılı,yenir
beyaz,yuvarlak,beyaz,kokusuz,orman,iki,yenir
kahverengi,yuvarlak,beyaz,kokusuz,kentsel,tek,yenir
beyaz,yuvarlak,kahverengi,kokusuz,orman,asılı,yenir
gri,yuvarlak,beyaz,çürük,kentsel,iki,zehirli
sarı,içbükey,beyaz,tuzlu,orman,yok,zehirli
kahverengi,yuvarlak,beyaz,baharatlı,gübre,tek,zehirli
kahverengi,yuvarlak,siyah,çürük,kentsel,iki,zehirli
gri,düz,beyaz,kreosot,çayır,iki,zehirli
kırmızı,düz,kahverengi,çürük,çayır,iki,zehirli
beyaz,yuvarlak,çikolata,baharatlı,orman,tek,zehirli
beyaz,düz,çikolata,çürük,orman,tek,zehirli
kırmızı,yuvarlak,pembe,çürük,gübre,tek,zehirli
kahverengi,çıkıntılı,siyah,anason,bahçe,tek,yenir
kırmızı,çan,beyaz,küflü,çayır,tek,zehirli
kahverengi,içbükey,pembe,kreosot,çayır,asılı,zehirli
beyaz,düz,beyaz,kokusuz,gübre,asılı,yenir
beyaz,içbükey,beyaz,kokusuz,kentsel,yok,yenir
kırmızı,içbükey,çikolata,kreosot,orman,asılı,zehirli
kahverengi,içbükey,çikolata,baharatlı,kentsel,tek,zehirli
sarı,çıkıntılı,siyah,badem,çayır,iki,yenir
sarı,yuvarlak,beyaz,kreosot,orman,iki,zehirli
kahverengi,düz,kahverengi,tuzlu,çayır,yok,zehirli
kahverengi,çan,siyah,tuzlu,orman,iki,zehirli
pembe,düz,pembe,kokusuz,bahçe,tek,yenir
kahverengi,yuvarlak,siyah,kreosot,kentsel,tek,zehirli
sarı,düz,kahverengi,kreosot,kentsel,tek,zehirli
gri,içbükey,kahverengi,kokusuz,kentsel,iki,zehirli
kahverengi,çan,beyaz,kokusuz,orman,tek,yenir
kahverengi,yuvarlak,beyaz,kokusuz,kentsel,tek,zehirli
kahverengi,çan,çikolata,çürük,çayır,yok,zehirli
kahverengi,çıkıntılı,siyah,kokusuz,orman,tek,zehirli
beyaz,düz,çikolata,çürük,orman,tek,zehirli
beyaz,yuvarlak,beyaz,kreosot,kentsel,iki,zehirli
gri,çan,siyah,çürük,çayır,asılı,zehirli
sarı,yuvarlak,kahverengi,baharatlı,kentsel,tek,zehirli
gri,içbükey,pembe,kokusuz,orman,tek,yenir
kahverengi,düz,kahverengi,baharatlı,kentsel,yok,zehirli
kahverengi,yuvarlak,çikolata,çürük,kentsel,yok,zehirli
kahverengi,içbükey,kahverengi,anason,çayır,tek,zehirli
kırmızı,yuvarlak,beyaz,kokusuz,çayır,tek,yenir
kırmızı,yuvarlak,pembe,kreosot,kentsel,asılı,zehirli
kahverengi,yuvarlak,kahverengi,baharatlı,orman,iki,zehirli
sarı,çan,siyah,kokusuz,bahçe,iki,yenir
sarı,yuvarlak,beyaz,çürük,kentsel,tek,zehirli
sarı,yuvarlak,çikolata,kokusuz,odunluk,iki,zehirli
beyaz,çıkıntılı,beyaz,çürük,kentsel,yok,zehirli
kahverengi,düz,kahverengi,tuzlu,odunluk,tek,zehirli
gri,yuvarlak,pembe,tuzlu,orman,yok,zehirli
gri,içbükey,çikolata,kreosot,gübre,yok,zehirli
gri,yuvarlak,pembe,kokusuz,orman,tek,yenir
sarı,çan,siyah,badem,çayır,yok,zehirli
beyaz,çıkıntılı,beyaz,kokusuz,orman,asılı,zehirli
gri,düz,çikolata,çürük,odunluk,tek,zehirli
sarı,düz,beyaz,çürük,odunluk,yok,zehirli
sarı,çan,kahverengi,kokusuz,çayır,tek,zehirli
kahverengi,yuvarlak,siyah,tuzlu,çayır,tek,zehirli
kahverengi,içbükey,beyaz,kokusuz,çayır,asılı,yenir
sarı,düz,siyah,tuzlu,orman,asılı,zehirli
beyaz,düz,kahverengi,kokusuz,orman,tek,yenir
sarı,yuvarlak,çikolata,çürük,odunluk,asılı,zehirli
sarı,çan,beyaz,kokusuz,gübre,tek,zehirli
beyaz,düz,pembe,kokusuz,gübre,tek,zehirli
gri,içbükey,çikolata,çürük,kentsel,yok,zehirli
sarı,düz,kahverengi,küflü,çayır,tek,zehirli
beyaz,yuvarlak,çikolata,kreosot,çayır,yok,zehirli
sarı,çan,pembe,kokusuz,gübre,yok,zehirli
gri,çıkıntılı,beyaz,çürük,kentsel,yok,zehirli
kırmızı,yuvarlak,çikolata,çürük,orman,yok,zehirli
sarı,çan,siyah,çürük,gübre,iki,zehirli
kahverengi,düz,çikolata,baharatlı,orman,yok,zehirli
kırmızı,yuvarlak,beyaz,baharatlı,odunluk,tek,zehirli
gri,yuvarlak,çikolata,küflü,orman,tek,zehirli
kahverengi,düz,kahverengi,baharatlı,orman,asılı,yenir
pembe,çan,siyah,çürük,orman,tek,zehirli
sarı,çan,beyaz,kreosot,orman,asılı,zehirli
sarı,yuvarlak,beyaz,küflü,orman,tek,zehirli
beyaz,yuvarlak,çikolata,kokusuz,çayır,asılı,zehirli
beyaz,düz,kahverengi,tuzlu,çayır,asılı,zehirli
kahverengi,yuvarlak,beyaz,anason,gübre,iki,yenir
kahverengi,çıkıntılı,beyaz,çürük,gübre,yok,zehirli
kahverengi,yuvarlak,çikolata,baharatlı,bahçe,iki,zehirli
kahverengi,çan,kahverengi,kokusuz,çayır,tek,yenir
kahverengi,çan,kahverengi,kreosot,orman,tek,zehirli
sarı,düz,kahverengi,küflü,gübre,yok,zehirli
sarı,yuvarlak,kahverengi,tuzlu,orman,iki,zehirli
kırmızı,düz,siyah,badem,çayır,tek,yenir
kahverengi,yuvarlak,kahverengi,kokusuz,kentsel,yok,yenir
kahverengi,yuvarlak,siyah,baharatlı,bahçe,tek,zehirli
kahverengi,düz,beyaz,çürük,bahçe,yok,zehirli
gri,yuvarlak,çikolata,baharatlı,gübre,iki,zehirli
beyaz,çan,siyah,kokusuz,orman,tek,yenir
kahverengi,içbükey,kahverengi,kokusuz,bahçe,yok,yenir
beyaz,çan,kahverengi,tuzlu,odunluk,yok,zehirli
beyaz,yuvarlak,siyah,kokusuz,çayır,asılı,yenir
kırmızı,düz,kahverengi,anason,odunluk,tek,yenir
beyaz,düz,beyaz,kreosot,gübre,asılı,zehirli
kahverengi,düz,çikolata,kokusuz,kentsel,yok,yenir
kahverengi,çan,çikolata,kokusuz,orman,asılı,zehirli
gri,düz,kahverengi,çürük,çayır,iki,zehirli
beyaz,yuvarlak,kahverengi,tuzlu,orman,yok,zehirli
kırmızı,yuvarlak,çikolata,kreosot,orman,tek,zehirli
beyaz,yuvarlak,beyaz,kreosot,orman,yok,zehirli
kahverengi,yuvarlak,siyah,küflü,kentsel,iki,zehirli
gri,düz,çikolata,kokusuz,orman,tek,zehirli
beyaz,içbükey,siyah,kokusuz,çayır,asılı,yenir
beyaz,yuvarlak,siyah,tuzlu,odunluk,tek,yenir
beyaz,çıkıntılı,kahverengi,baharatlı,çayır,yok,zehirli
kahverengi,yuvarlak,beyaz,kokusuz,kentsel,asılı,zehirli
beyaz,düz,çikolata,kokusuz,kentsel,yok,yenir
beyaz,düz,beyaz,çürük,kentsel,tek,zehirli
beyaz,çan,kahverengi,küflü,çayır,yok,zehirli
beyaz,içbükey,siyah,tuzlu,çayır,asılı,zehirli
beyaz,çan,çikolata,kreosot,orman,yok,zehirli
kırmızı,çan,kahverengi,çürük,orman,iki,zehirli
sarı,düz,kahverengi,küflü,çayır,iki,zehirli
sarı,yuvarlak,siyah,baharatlı,kentsel,yok,zehirli
sarı,çıkıntılı,pembe,kreosot,orman,tek,zehirli
sarı,düz,pembe,baharatlı,bahçe,yok,zehirli
pembe,yuvarlak,siyah,kokusuz,kentsel,asılı,yenir
gri,yuvarlak,çikolata,anason,orman,iki,zehirli
kahverengi,yuvarlak,beyaz,baharatlı,orman,yok,zehirli
kahverengi,düz,siyah,kokusuz,kentsel,tek,yenir
kırmızı,yuvarlak,pembe,kokusuz,odunluk,iki,yenir
beyaz,yuvarlak,beyaz,tuzlu,kentsel,yok,zehirli
kahverengi,yuvarlak,beyaz,kreosot,gübre,asılı,zehirli
kahverengi,çan,kahverengi,çürük,çayır,yok,zehirli
beyaz,düz,pembe,kokusuz,bahçe,asılı,zehirli
kahverengi,yuvarlak,beyaz,baharatlı,çayır,tek,zehirli
beyaz,düz,çikolata,kokusuz,kentsel,iki,zehirli
kırmızı,çan,çikolata,kokusuz,orman,yok,zehirli
kahverengi,yuvarlak,siyah,çürük,orman,tek,zehirli
sarı,yuvarlak,pembe,kokusuz,gübre,tek,zehirli
gri,çan,pembe,badem,orman,yok,yenir
beyaz,düz,beyaz,kreosot,orman,yok,zehirli
kahverengi,çan,kahverengi,baharatlı,orman,iki,zehirli
sarı,çan,beyaz,tuzlu,orman,tek,zehirli
pembe,içbükey,pembe,çürük,çayır,yok,zehirli
kırmızı,yuvarlak,beyaz,çürük,bahçe,tek,zehirli
kahverengi,düz,siyah,tuzlu,kentsel,tek,zehirli
sarı,düz,pembe,tuzlu,çayır,asılı,zehirli
kahverengi,içbükey,siyah,çürük,çayır,asılı,zehirli
gri,çan,kahverengi,kokusuz,çayır,tek,yenir
sarı,içbükey,beyaz,çürük,orman,asılı,zehirli
sarı,düz,beyaz,kokusuz,çayır,tek,zehirli
sarı,yuvarlak,siyah,kokusuz,odunluk,iki,yenir
sarı,yuvarlak,pembe,kreosot,orman,yok,zehirli
beyaz,çan,siyah,kokusuz,bahçe,iki,zehirli
pembe,yuvarlak,beyaz,tuzlu,orman,tek,zehirli
sarı,yuvarlak,beyaz,kokusuz,çayır,asılı,yenir
beyaz,yuvarlak,beyaz,baharatlı,çayır,tek,zehirli
sarı,yuvarlak,kahverengi,kreosot,gübre,yok,zehirli
kahverengi,düz,kahverengi,kokusuz,orman,yok,zehirli
beyaz,yuvarlak,siyah,kokusuz,odunluk,yok,yenir
sarı,yuvarlak,pembe,kreosot,gübre,tek,zehirli
kahverengi,yuvarlak,beyaz,kreosot,çayır,tek,zehirli
kırmızı,çıkıntılı,çikolata,çürük,orman,yok,zehirli
kahverengi,çıkıntılı,siyah,tuzlu,çayır,yok,zehirli
gri,düz,beyaz,kokusuz,çayır,tek,yenir
beyaz,çan,siyah,kokusuz,bahçe,tek,zehirli
kahverengi,içbükey,beyaz,anason,orman,tek,yenir
beyaz,yuvarlak,siyah,kokusuz,kentsel,yok,zehirli
kahverengi,yuvarlak,çikolata,kokusuz,bahçe,yok,zehirli
kahverengi,yuvarlak,beyaz,çürük,kentsel,iki,zehirli
pembe,çan,kahverengi,tuzlu,kentsel,yok,zehirli
gri,çan,siyah,badem,odunluk,tek,yenir
sarı,düz,beyaz,tuzlu,orman,tek,zehirli
gri,düz,kahverengi,çürük,gübre,yok,zehirli
kahverengi,çan,kahverengi,çürük,bahçe,yok,zehirli
kahverengi,düz,çikolata,tuzlu,orman,tek,zehirli
kırmızı,çıkıntılı,kahverengi,baharatlı,gübre,yok,zehirli
beyaz,düz,kahverengi,baharatlı,kentsel,asılı,zehirli
kırmızı,yuvarlak,kahverengi,kokusuz,orman,yok,yenir
kahverengi,düz,beyaz,kokusuz,kentsel,yok,yenir
kahverengi,düz,beyaz,baharatlı,orman,yok,zehirli
kırmızı,yuvarlak,çikolata,anason,orman,tek,zehirli
gri,içbükey,kahverengi,kreosot,bahçe,asılı,zehirli
sarı,düz,beyaz,kokusuz,kentsel,tek,yenir
kahverengi,düz,kahverengi,baharatlı,orman,yok,zehirli
beyaz,düz,beyaz,çürük,orman,yok,zehirli
kahverengi,yuvarlak,kahverengi,çürük,bahçe,yok,zehirli
sarı,yuvarlak,kahverengi,kreosot,orman,tek,zehirli
kırmızı,içbükey,çikolata,baharatlı,çayır,yok,zehirli
kahverengi,düz,beyaz,anason,kentsel,yok,zehirli
sarı,yuvarlak,siyah,kokusuz,gübre,tek,yenir
kahverengi,içbükey,kahverengi,kreosot,gübre,yok,zehirli
gri,düz,kahverengi,kokusuz,orman,yok,yenir
sarı,çan,beyaz,kokusuz,kentsel,tek,yenir
beyaz,içbükey,siyah,kokusuz,orman,tek,yenir
gri,yuvarlak,kahverengi,çürük,çayır,yok,zehirli
sarı,yuvarlak,siyah,tuzlu,orman,iki,zehirli
sarı,çıkıntılı,siyah,küflü,odunluk,yok,zehirli
kahverengi,düz,kahverengi,küflü,odunluk,tek,zehirli
kahverengi,düz,kahverengi,tuzlu,kentsel,tek,zehirli
kahverengi,yuvarlak,kahverengi,çürük,kentsel,iki,zehirli
gri,çan,siyah,küflü,çayır,tek,zehirli
sarı,yuvarlak,çikolata,çürük,kentsel,iki,zehirli
beyaz,düz,siyah,baharatlı,gübre,iki,zehirli
kırmızı,yuvarlak,kahverengi,kokusuz,orman,yok,yenir
kahverengi,çıkıntılı,çikolata,çürük,orman,iki,zehirli
kırmızı,yuvarlak,siyah,kreosot,odunluk,iki,zehirli
kahverengi,çan,beyaz,anason,bahçe,asılı,yenir
beyaz,yuvarlak,beyaz,baharatlı,kentsel,yok,zehirli
gri,düz,siyah,küflü,bahçe,tek,zehirli
gri,yuvarlak,çikolata,kokusuz,orman,tek,yenir
beyaz,yuvarlak,kahverengi,baharatlı,orman,asılı,zehirli
beyaz,içbükey,kahverengi,tuzlu,kentsel,yok,zehirli
gri,düz,siyah,kokusuz,kentsel,iki,yenir
gri,yuvarlak,beyaz,kokusuz,gübre,yok,yenir
kırmızı,yuvarlak,kahverengi,çürük,çayır,tek,zehirli
gri,yuvarlak,siyah,küflü,gübre,tek,zehirli
kahverengi,yuvarlak,kahverengi,küflü,kentsel,yok,zehirli
gri,düz,çikolata,baharatlı,orman,yok,zehirli
beyaz,yuvarlak,siyah,çürük,orman,yok,zehirli
beyaz,çan,pembe,badem,orman,tek,zehirli
beyaz,içbükey,çikolata,çürük,bahçe,yok,zehirli
gri,çan,pembe,kokusuz,çayır,iki,yenir
beyaz,düz,çikolata,kokusuz,çayır,tek,yenir
gri,yuvarlak,çikolata,kokusuz,odunluk,yok,yenir
kahverengi,içbükey,beyaz,badem,gübre,tek,yenir
kahverengi,çan,pembe,kokusuz,orman,tek,zehirli
sarı,düz,kahverengi,kokusuz,bahçe,tek,yenir
gri,çan,pembe,çürük,orman,tek,zehirli
kırmızı,yuvarlak,pembe,tuzlu,gübre,iki,zehirli
gri,düz,siyah,kokusuz,odunluk,yok,yenir
gri,düz,pembe,kreosot,orman,iki,zehirli
beyaz,çıkıntılı,kahverengi,baharatlı,kentsel,yok,zehirli
kahverengi,düz,siyah,anason,çayır,yok,yenir
beyaz,çan,pembe,baharatlı,orman,tek,zehirli
sarı,yuvarlak,siyah,kokusuz,odunluk,tek,yenir
kahverengi,düz,kahverengi,kokusuz,çayır,tek,zehirli
kahverengi,yuvarlak,siyah,badem,gübre,yok,yenir
kahverengi,içbükey,kahverengi,kokusuz,kentsel,tek,yenir
beyaz,çıkıntılı,kahverengi,küflü,odunluk,tek,zehirli
sarı,düz,kahverengi,tuzlu,bahçe,yok,zehirli
gri,içbükey,beyaz,kokusuz,kentsel,tek,yenir
kahverengi,düz,beyaz,kokusuz,çayır,iki,yenir
kahverengi,düz,beyaz,kokusuz,orman,tek,yenir
beyaz,çan,kahverengi,baharatlı,orman,yok,zehirli
beyaz,çıkıntılı,beyaz,kokusuz,odunluk,tek,yenir
kahverengi,yuvarlak,kahverengi,kokusuz,çayır,yok,zehirli
kahverengi,düz,kahverengi,küflü,kentsel,yok,zehirli
sarı,çan,kahverengi,badem,bahçe,iki,yenir
gri,çıkıntılı,çikolata,kreosot,orman,yok,zehirli
beyaz,çan,beyaz,anason,orman,iki,zehirli
gri,yuvarlak,siyah,kokusuz,kentsel,yok,yenir
kahverengi,düz,kahverengi,küflü,kentsel,tek,zehirli
pembe,düz,beyaz,kokusuz,çayır,tek,yenir
pembe,düz,siyah,kokusuz,çayır,tek,zehirli
kırmızı,düz,kahverengi,tuzlu,orman,asılı,zehirli
gri,düz,beyaz,tuzlu,orman,asılı,zehirli
sarı,yuvarlak,pembe,kokusuz,kentsel,iki,yenir
gri,düz,kahverengi,kokusuz,orman,tek,yenir
kahverengi,içbükey,pembe,badem,kentsel,tek,zehirli
beyaz,düz,kahverengi,tuzlu,gübre,yok,zehirli
beyaz,yuvarlak,kahverengi,kokusuz,çayır,iki,yenir
pembe,içbükey,beyaz,baharatlı,gübre,tek,zehirli
kahverengi,çan,kahverengi,çürük,odunluk,tek,zehirli
pembe,düz,çikolata,baharatlı,çayır,tek,zehirli
kırmızı,düz,pembe,kreosot,kentsel,asılı,zehirli
sarı,çıkıntılı,beyaz,baharatlı,odunluk,tek,zehirli
gri,düz,beyaz,çürük,orman,asılı,zehirli
beyaz,düz,çikolata,kokusuz,çayır,yok,yenir
beyaz,yuvarlak,kahverengi,anason,gübre,tek,yenir
pembe,yuvarlak,çikolata,küflü,gübre,tek,zehirli
kırmızı,çıkıntılı,beyaz,kokusuz,bahçe,yok,yenir
kırmızı,çıkıntılı,beyaz,kokusuz,çayır,tek,yenir
sarı,yuvarlak,kahverengi,kokusuz,gübre,asılı,zehirli
pembe,düz,kahverengi,kokusuz,çayır,yok,yenir
kahverengi,yuvarlak,kahverengi,kokusuz,orman,tek,yenir
gri,düz,çikolata,badem,çayır,tek,yenir
pembe,düz,kahverengi,baharatlı,orman,asılı,zehirli
sarı,düz,beyaz,kokusuz,kentsel,tek,yenir
gri,çıkıntılı,pembe,baharatlı,orman,yok,zehirli
sarı,yuvarlak,siyah,baharatlı,orman,yok,zehirli
kahverengi,düz,siyah,kokusuz,bahçe,tek,yenir
kahverengi,yuvarlak,beyaz,badem,orman,tek,yenir
gri,yuvarlak,beyaz,çürük,çayır,asılı,zehirli
pembe,yuvarlak,beyaz,kreosot,çayır,yok,zehirli
kahverengi,yuvarlak,beyaz,küflü,odunluk,yok,zehirli
kırmızı,yuvarlak,siyah,çürük,kentsel,tek,zehirli
pembe,düz,kahverengi,kreosot,orman,tek,zehirli
kahverengi,çan,kahverengi,çürük,gübre,tek,zehirli
sarı,çıkıntılı,kahverengi,küflü,kentsel,tek,zehirli
beyaz,çan,kahverengi,baharatlı,çayır,yok,zehirli
gri,yuvarlak,kahverengi,kokusuz,orman,iki,yenir
gri,yuvarlak,kahverengi,badem,orman,tek,yenir
sarı,düz,pembe,baharatlı,orman,iki,zehirli
beyaz,çan,kahverengi,çürük,bahçe,iki,yenir
kahverengi,yuvarlak,beyaz,çürük,orman,tek,zehirli
kahverengi,çan,pembe,badem,çayır,tek,zehirli
beyaz,içbükey,beyaz,kokusuz,gübre,yok,yenir
sarı,düz,kahverengi,kokusuz,orman,tek,yenir
kırmızı,düz,siyah,tuzlu,odunluk,yok,yenir
beyaz,içbükey,siyah,anason,orman,tek,zehirli
beyaz,çan,pembe,kokusuz,gübre,yok,zehirli
beyaz,yuvarlak,kahverengi,tuzlu,orman,iki,zehirli
kırmızı,yuvarlak,siyah,kokusuz,kentsel,iki,zehirli
pembe,düz,kahverengi,baharatlı,kentsel,tek,zehirli
gri,düz,pembe,kreosot,orman,tek,zehirli
kahverengi,yuvarlak,beyaz,tuzlu,bahçe,asılı,zehirli
pembe,yuvarlak,çikolata,tuzlu,bahçe,asılı,zehirli
kahverengi,düz,pembe,kokusuz,kentsel,asılı,zehirli
kırmızı,içbükey,çikolata,tuzlu,çayır,asılı,zehirli
kahverengi,düz,beyaz,kokusuz,kentsel,yok,zehirli
beyaz,çan,kahverengi,kokusuz,orman,tek,yenir
kahverengi,düz,kahverengi,badem,gübre,yok,zehirli
sarı,yuvarlak,kahverengi,küflü,orman,tek,zehirli
gri,içbükey,siyah,çürük,çayır,tek,zehirli
gri,içbükey,pembe,anason,bahçe,tek,yenir
sarı,çan,kahverengi,kokusuz,odunluk,tek,yenir
kahverengi,yuvarlak,siyah,kokusuz,gübre,tek,yenir
beyaz,düz,pembe,baharatlı,bahçe,tek,zehirli
gri,içbükey,çikolata,kreosot,bahçe,iki,zehirli
kahverengi,düz,siyah,badem,gübre,tek,zehirli
kahverengi,içbükey,pembe,kreosot,gübre,yok,zehirli
beyaz,çan,beyaz,kokusuz,gübre,iki,yenir
sarı,yuvarlak,siyah,çürük,orman,iki,zehirli
kahverengi,içbükey,kahverengi,badem,orman,tek,zehirli
kırmızı,içbükey,kahverengi,küflü,bahçe,yok,zehirli
sarı,yuvarlak,beyaz,çürük,orman,tek,zehirli
gri,içbükey,beyaz,anason,kentsel,yok,zehirli
beyaz,çan,siyah,çürük,kentsel,asılı,zehirli
kahverengi,düz,kahverengi,küflü,bahçe,tek,zehirli
beyaz,düz,çikolata,çürük,kentsel,yok,zehirli
gri,çan,beyaz,çürük,orman,yok,zehirli
sarı,yuvarlak,çikolata,çürük,bahçe,yok,zehirli
gri,düz,kahverengi,kokusuz,bahçe,yok,yenir
kahverengi,çıkıntılı,siyah,küflü,odunluk,iki,zehirli
kırmızı,çıkıntılı,pembe,tuzlu,orman,iki,zehirli
gri,yuvarlak,beyaz,baharatlı,çayır,tek,zehirli
kahverengi,yuvarlak,kahverengi,çürük,kentsel,yok,zehirli
beyaz,düz,beyaz,tuzlu,orman,yok,zehirli
beyaz,yuvarlak,kahverengi,anason,kentsel,tek,yenir
sarı,yuvarlak,beyaz,kokusuz,çayır,yok,zehirli
kahverengi,düz,çikolata,baharatlı,kentsel,yok,zehirli
sarı,çan,siyah,kokusuz,orman,iki,yenir
kahverengi,düz,siyah,tuzlu,orman,iki,zehirli
kırmızı,düz,kahverengi,anason,orman,tek,yenir
kahverengi,yuvarlak,beyaz,tuzlu,kentsel,tek,zehirli
pembe,yuvarlak,siyah,baharatlı,kentsel,yok,zehirli
kahverengi,içbükey,kahverengi,küflü,bahçe,yok,zehirli
kahverengi,düz,çikolata,tuzlu,orman,tek,zehirli
kırmızı,çıkıntılı,kahverengi,baharatlı,bahçe,yok,zehirli
kahverengi,düz,kahverengi,kreosot,odunluk,tek,zehirli
kahverengi,çan,çikolata,kokusuz,orman,iki,zehirli
kırmızı,içbükey,kahverengi,kokusuz,çayır,yok,zehirli
beyaz,düz,beyaz,kokusuz,bahçe,tek,yenir
gri,çan,siyah,kokusuz,orman,tek,yenir
kahverengi,düz,beyaz,baharatlı,kentsel,tek,yenir
gri,çıkıntılı,beyaz,tuzlu,çayır,tek,zehirli
kırmızı,çan,pembe,kokusuz,çayır,asılı,zehirli
beyaz,yuvarlak,kahverengi,çürük,kentsel,yok,zehirli
beyaz,yuvarlak,beyaz,kreosot,çayır,yok,zehirli
kahverengi,çıkıntılı,kahverengi,kreosot,orman,tek,zehirli
kahverengi,düz,çikolata,kokusuz,bahçe,iki,yenir
kahverengi,yuvarlak,siyah,kokusuz,orman,yok,yenir
gri,çan,siyah,kokusuz,orman,tek,yenir
beyaz,düz,kahverengi,çürük,bahçe,tek,zehirli
pembe,yuvarlak,kahverengi,baharatlı,odunluk,asılı,zehirli
sarı,düz,pembe,kokusuz,gübre,yok,yenir
gri,çan,kahverengi,baharatlı,orman,yok,zehirli
beyaz,yuvarlak,siyah,kokusuz,orman,yok,yenir
beyaz,yuvarlak,siyah,kokusuz,orman,asılı,yenir
sarı,yuvarlak,kahverengi,baharatlı,kentsel,tek,zehirli
sarı,yuvarlak,kahverengi,tuzlu,kentsel,yok,zehirli
sarı,düz,beyaz,küflü,orman,iki,zehirli
gri,düz,pembe,kokusuz,kentsel,tek,zehirli
kahverengi,çan,kahverengi,anason,gübre,tek,yenir
sarı,yuvarlak,beyaz,kokusuz,çayır,yok,yenir
beyaz,yuvarlak,siyah,küflü,çayır,yok,zehirli
gri,düz,kahverengi,çürük,çayır,tek,zehirli
gri,düz,siyah,anason,gübre,asılı,yenir
kahverengi,çıkıntılı,kahverengi,baharatlı,odunluk,tek,zehirli
kahverengi,düz,beyaz,kreosot,odunluk,yok,zehirli
kahverengi,düz,kahverengi,kokusuz,çayır,iki,yenir
beyaz,çan,siyah,kokusuz,kentsel,iki,zehirli
gri,çan,pembe,kokusuz,bahçe,yok,yenir
kırmızı,çıkıntılı,pembe,kokusuz,kentsel,yok,zehirli
kahverengi,yuvarlak,çikolata,küflü,odunluk,yok,zehirli
beyaz,çıkıntılı,pembe,baharatlı,orman,iki,zehirli
kahverengi,yuvarlak,kahverengi,kokusuz,orman,iki,yenir
beyaz,yuvarlak,siyah,küflü,çayır,yok,zehirli
kırmızı,yuvarlak,beyaz,kokusuz,odunluk,yok,zehirli
kahverengi,yuvarlak,beyaz,kokusuz,kentsel,tek,yenir
gri,çan,beyaz,kokusuz,orman,yok,yenir
sarı,yuvarlak,kahverengi,kokusuz,gübre,tek,yenir
kahverengi,çan,kahverengi,çürük,gübre,tek,zehirli
pembe,çıkıntılı,beyaz,kokusuz,kentsel,tek,zehirli
pembe,yuvarlak,beyaz,çürük,gübre,asılı,zehirli
kahverengi,düz,siyah,kokusuz,çayır,yok,yenir
sarı,çan,kahverengi,kokusuz,bahçe,yok,yenir
kahverengi,çıkıntılı,beyaz,baharatlı,kentsel,asılı,zehirli
beyaz,içbükey,beyaz,kreosot,bahçe,tek,zehirli
beyaz,içbükey,çikolata,badem,çayır,tek,yenir
pembe,düz,beyaz,küflü,kentsel,tek,zehirli
beyaz,çan,kahverengi,tuzlu,orman,iki,zehirli
beyaz,düz,kahverengi,kokusuz,kentsel,yok,zehirli
kırmızı,düz,beyaz,çürük,orman,tek,zehirli
beyaz,çan,beyaz,çürük,odunluk,iki,zehirli
sarı,yuvarlak,pembe,kokusuz,odunluk,yok,zehirli
sarı,yuvarlak,siyah,kreosot,orman,yok,zehirli
gri,çan,kahverengi,çürük,gübre,tek,zehirli
kahverengi,çıkıntılı,çikolata,kokusuz,gübre,yok,yenir
sarı,çıkıntılı,siyah,badem,orman,asılı,yenir
gri,içbükey,siyah,anason,orman,tek,yenir
sarı,yuvarlak,siyah,kokusuz,orman,asılı,yenir
pembe,düz,kahverengi,çürük,orman,tek,zehirli
kahverengi,yuvarlak,kahverengi,küflü,orman,tek,zehirli
kahverengi,yuvarlak,çikolata,kokusuz,orman,iki,zehirli
beyaz,çıkıntılı,siyah,baharatlı,çayır,tek,zehirli
kahverengi,düz,siyah,kreosot,orman,yok,zehirli
sarı,düz,beyaz,baharatlı,kentsel,yok,zehirli
sarı,düz,beyaz,tuzlu,gübre,tek,zehirli
sarı,çan,kahverengi,kreosot,gübre,tek,zehirli
sarı,yuvarlak,kahverengi,çürük,orman,tek,zehirli
kahverengi,düz,pembe,kreosot,kentsel,tek,zehirli
sarı,çan,siyah,baharatlı,orman,tek,zehirli
kahverengi,çıkıntılı,kahverengi,tuzlu,odunluk,yok,zehirli
sarı,çan,kahverengi,kokusuz,kentsel,yok,yenir
kahverengi,çan,kahverengi,kokusuz,gübre,tek,yenir
kahverengi,çıkıntılı,beyaz,baharatlı,bahçe,tek,zehirli
sarı,yuvarlak,kahverengi,tuzlu,orman,tek,zehirli
kahverengi,içbükey,kahverengi,kreosot,bahçe,tek,zehirli
sarı,düz,çikolata,çürük,çayır,yok,zehirli
kahverengi,yuvarlak,kahverengi,baharatlı,kentsel,asılı,zehirli
beyaz,yuvarlak,siyah,baharatlı,çayır,yok,zehirli
kahverengi,düz,kahverengi,kokusuz,bahçe,tek,yenir
kahverengi,yuvarlak,kahverengi,çürük,çayır,yok,zehirli
kırmızı,yuvarlak,beyaz,baharatlı,odunluk,tek,zehirli
kahverengi,çıkıntılı,pembe,çürük,orman,tek,zehirli
pembe,çan,çikolata,kokusuz,kentsel,yok,zehirli
gri,içbükey,çikolata,küflü,orman,tek,zehirli
kahverengi,çan,beyaz,baharatlı,odunluk,tek,zehirli
kahverengi,düz,kahverengi,badem,gübre,asılı,zehirli
sarı,içbükey,siyah,kokusuz,orman,yok,zehirli
pembe,düz,pembe,kokusuz,çayır,yok,yenir
kırmızı,düz,çikolata,çürük,bahçe,tek,zehirli
kahverengi,çan,kahverengi,kreosot,gübre,asılı,zehirli
sarı,çan,kahverengi,kokusuz,orman,tek,yenir
gri,yuvarlak,beyaz,baharatlı,orman,iki,zehirli
beyaz,düz,siyah,kokusuz,çayır,asılı,yenir
kırmızı,çan,çikolata,çürük,kentsel,yok,zehirli
sarı,yuvarlak,siyah,çürük,gübre,tek,zehirli
sarı,yuvarlak,çikolata,kokusuz,orman,yok,zehirli
kahverengi,çan,pembe,kokusuz,orman,yok,zehirli
gri,çıkıntılı,çikolata,kokusuz,odunluk,iki,zehirli
kahverengi,yuvarlak,beyaz,kreosot,orman,yok,zehirli
beyaz,düz,beyaz,çürük,çayır,tek,zehirli
gri,yuvarlak,kahverengi,kokusuz,çayır,iki,yenir
kahverengi,düz,beyaz,çürük,çayır,iki,zehirli
gri,yuvarlak,çikolata,küflü,çayır,tek,zehirli
sarı,yuvarlak,beyaz,tuzlu,kentsel,yok,zehirli
sarı,yuvarlak,beyaz,tuzlu,kentsel,tek,zehirli
beyaz,düz,beyaz,çürük,kentsel,tek,zehirli
kahverengi,düz,kahverengi,küflü,kentsel,tek,zehirli
kahverengi,yuvarlak,beyaz,kokusuz,çayır,tek,yenir
beyaz,yuvarlak,pembe,küflü,odunluk,tek,zehirli
gri,içbükey,beyaz,baharatlı,çayır,yok,zehirli
beyaz,düz,beyaz,çürük,orman,yok,zehirli
gri,düz,kahverengi,tuzlu,orman,yok,zehirli
beyaz,yuvarlak,pembe,badem,orman,tek,zehirli
pembe,içbükey,kahverengi,küflü,orman,yok,zehirli
gri,düz,beyaz,kokusuz,odunluk,tek,yenir
beyaz,çan,siyah,tuzlu,orman,yok,zehirli
sarı,düz,kahverengi,kokusuz,orman,iki,yenir
gri,yuvarlak,kahverengi,kokusuz,orman,yok,yenir
kahverengi,yuvarlak,siyah,çürük,odunluk,tek,zehirli
gri,içbükey,kahverengi,kokusuz,orman,yok,yenir
kahverengi,düz,siyah,çürük,orman,tek,zehirli
sarı,içbükey,pembe,kokusuz,bahçe,tek,yenir
sarı,düz,siyah,kreosot,gübre,yok,zehirli
kahverengi,çıkıntılı,çikolata,kokusuz,çayır,tek,yenir
kahverengi,yuvarlak,beyaz,kokusuz,çayır,iki,yenir
sarı,düz,siyah,baharatlı,gübre,yok,zehirli
kahverengi,yuvarlak,kahverengi,kreosot,kentsel,tek,zehirli
sarı,çan,siyah,baharatlı,orman,asılı,zehirli
kahverengi,yuvarlak,kahverengi,kokusuz,kentsel,yok,yenir
gri,düz,siyah,küflü,çayır,yok,zehirli
kahverengi,içbükey,siyah,tuzlu,odunluk,yok,zehirli
beyaz,çıkıntılı,kahverengi,kreosot,kentsel,iki,zehirli
sarı,düz,çikolata,kokusuz,odunluk,yok,yenir
beyaz,çan,siyah,çürük,orman,asılı,yenir
kahverengi,yuvarlak,beyaz,kokusuz,gübre,tek,zehirli
pembe,çan,beyaz,badem,kentsel,yok,yenir
beyaz,düz,kahverengi,kokusuz,bahçe,tek,yenir
kahverengi,düz,beyaz,kokusuz,orman,tek,yenir
gri,yuvarlak,beyaz,badem,çayır,asılı,yenir
sarı,yuvarlak,siyah,kokusuz,orman,yok,zehirli
beyaz,yuvarlak,kahverengi,küflü,odunluk,tek,zehirli
beyaz,düz,pembe,kokusuz,orman,yok,zehirli
gri,düz,siyah,küflü,orman,iki,zehirli
gri,çan,beyaz,küflü,odunluk,tek,zehirli
kahverengi,yuvarlak,beyaz,baharatlı,kentsel,tek,zehirli
sarı,çan,pembe,badem,orman,tek,yenir
gri,düz,siyah,kreosot,bahçe,yok,zehirli
kahverengi,çan,kahverengi,kokusuz,orman,iki,yenir
pembe,düz,pembe,kokusuz,çayır,tek,yenir
sarı,yuvarlak,siyah,badem,orman,tek,yenir
sarı,düz,çikolata,tuzlu,kentsel,yok,zehirli
sarı,düz,beyaz,küflü,orman,tek,zehirli
kahverengi,düz,beyaz,küflü,bahçe,asılı,zehirli
kırmızı,düz,siyah,kokusuz,orman,iki,yenir
gri,yuvarlak,siyah,tuzlu,orman,iki,zehirli
beyaz,yuvarlak,siyah,kokusuz,kentsel,iki,yenir
beyaz,çıkıntılı,siyah,kreosot,kentsel,tek,zehirli
beyaz,çıkıntılı,beyaz,baharatlı,bahçe,tek,zehirli
sarı,yuvarlak,beyaz,baharatlı,çayır,asılı,zehirli
sarı,yuvarlak,beyaz,küflü,orman,yok,zehirli
kırmızı,düz,kahverengi,tuzlu,orman,tek,zehirli
pembe,düz,siyah,badem,çayır,tek,yenir
pembe,düz,kahverengi,kreosot,orman,asılı,zehirli
sarı,çan,kahverengi,baharatlı,orman,yok,zehirli
beyaz,içbükey,siyah,kreosot,kentsel,yok,zehirli
sarı,yuvarlak,kahverengi,kokusuz,bahçe,tek,zehirli
beyaz,düz,çikolata,baharatlı,orman,yok,zehirli
kahverengi,düz,çikolata,anason,orman,tek,zehirli
sarı,düz,siyah,tuzlu,bahçe,yok,zehirli
kahverengi,düz,beyaz,çürük,bahçe,tek,zehirli
kahverengi,çıkıntılı,çikolata,kokusuz,bahçe,tek,zehirli
beyaz,düz,çikolata,küflü,çayır,yok,zehirli
kahverengi,içbükey,siyah,çürük,orman,tek,zehirli
beyaz,düz,siyah,baharatlı,odunluk,tek,zehirli
sarı,yuvarlak,beyaz,çürük,kentsel,tek,zehirli
beyaz,çıkıntılı,beyaz,çürük,kentsel,iki,yenir
beyaz,düz,kahverengi,baharatlı,kentsel,tek,zehirli
beyaz,çan,pembe,kokusuz,kentsel,tek,zehirli
kahverengi,yuvarlak,kahverengi,anason,orman,tek,yenir
sarı,düz,beyaz,kokusuz,çayır,tek,zehirli
beyaz,düz,çikolata,baharatlı,odunluk,tek,zehirli
kahverengi,yuvarlak,pembe,baharatlı,orman,asılı,zehirli
kahverengi,yuvarlak,siyah,kokusuz,orman,iki,yenir
sarı,içbükey,beyaz,tuzlu,orman,tek,zehirli
kahverengi,yuvarlak,beyaz,baharatlı,çayır,iki,zehirli
kahverengi,yuvarlak,siyah,kokusuz,odunluk,yok,yenir
sarı,düz,kahverengi,kokusuz,orman,yok,yenir
beyaz,düz,çikolata,kokusuz,orman,tek,yenir
pembe,yuvarlak,çikolata,çürük,orman,tek,zehirli
pembe,yuvarlak,beyaz,badem,bahçe,iki,yenir
gri,çıkıntılı,çikolata,kokusuz,kentsel,tek,zehirli
beyaz,düz,pembe,tuzlu,orman,yok,zehirli
kahverengi,yuvarlak,çikolata,çürük,odunluk,asılı,zehirli
sarı,çan,kahverengi,kreosot,çayır,yok,zehirli
kahverengi,düz,pembe,baharatlı,orman,yok,zehirli
sarı,çan,pembe,kokusuz,kentsel,yok,zehirli
kırmızı,düz,kahverengi,kokusuz,orman,iki,yenir
beyaz,yuvarlak,siyah,kreosot,orman,yok,zehirli
beyaz,içbükey,siyah,kreosot,orman,yok,zehirli
sarı,düz,çikolata,kokusuz,orman,asılı,zehirli
gri,düz,beyaz,kreosot,bahçe,asılı,zehirli
kahverengi,yuvarlak,siyah,kokusuz,orman,yok,yenir
sarı,düz,siyah,kokusuz,orman,iki,zehirli
kahverengi,düz,beyaz,kokusuz,kentsel,yok,yenir
gri,yuvarlak,siyah,çürük,çayır,yok,zehirli
beyaz,içbükey,çikolata,küflü,orman,asılı,zehirli
kahverengi,çıkıntılı,kahverengi,kokusuz,orman,asılı,yenir
beyaz,yuvarlak,beyaz,çürük,orman,iki,zehirli
pembe,düz,çikolata,badem,bahçe,yok,yenir
pembe,düz,siyah,küflü,bahçe,yok,zehirli
beyaz,yuvarlak,kahverengi,baharatlı,bahçe,tek,zehirli
kahverengi,yuvarlak,beyaz,tuzlu,çayır,yok,zehirli
gri,yuvarlak,çikolata,anason,orman,tek,zehirli
kahverengi,yuvarlak,kahverengi,çürük,gübre,tek,zehirli
gri,çan,siyah,küflü,odunluk,yok,zehirli
beyaz,düz,pembe,kokusuz,orman,yok,yenir
kahverengi,içbükey,kahverengi,küflü,bahçe,yok,zehirli
sarı,çıkıntılı,siyah,küflü,bahçe,yok,zehirli
gri,yuvarlak,siyah,küflü,çayır,yok,zehirli
kahverengi,çıkıntılı,pembe,kokusuz,bahçe,iki,yenir
sarı,çıkıntılı,beyaz,küflü,orman,yok,zehirli
beyaz,düz,çikolata,küflü,orman,iki,zehirli
kahverengi,içbükey,beyaz,baharatlı,orman,tek,zehirli
kahverengi,çan,kahverengi,kokusuz,orman,iki,yenir
sarı,düz,kahverengi,baharatlı,çayır,asılı,zehirli
beyaz,yuvarlak,çikolata,kokusuz,orman,yok,zehirli
sarı,düz,beyaz,kokusuz,gübre,yok,zehirli
sarı,yuvarlak,beyaz,baharatlı,orman,yok,yenir
sarı,içbükey,kahverengi,kokusuz,orman,iki,zehirli
kahverengi,içbükey,beyaz,küflü,orman,tek,zehirli
kırmızı,içbükey,kahverengi,kokusuz,çayır,tek,yenir
beyaz,çan,siyah,kokusuz,odunluk,tek,zehirli
kahverengi,yuvarlak,kahverengi,çürük,orman,iki,zehirli
beyaz,çıkıntılı,çikolata,kokusuz,bahçe,iki,yenir
sarı,içbükey,beyaz,kokusuz,çayır,asılı,yenir
kahverengi,çan,kahverengi,kokusuz,çayır,tek,yenir
sarı,çıkıntılı,siyah,badem,orman,tek,zehirli
kahverengi,düz,kahverengi,kreosot,çayır,asılı,zehirli
sarı,yuvarlak,siyah,tuzlu,orman,tek,zehirli
sarı,yuvarlak,beyaz,kokusuz,kentsel,tek,zehirli
gri,yuvarlak,beyaz,baharatlı,orman,asılı,zehirli
gri,yuvarlak,çikolata,kokusuz,çayır,yok,yenir
gri,çıkıntılı,çikolata,kokusuz,orman,tek,zehirli
sarı,düz,siyah,küflü,orman,tek,zehirli
kırmızı,çan,beyaz,kokusuz,çayır,tek,yenir
sarı,yuvarlak,kahverengi,tuzlu,odunluk,tek,zehirli
kahverengi,düz,çikolata,kokusuz,bahçe,tek,yenir
sarı,çan,kahverengi,baharatlı,orman,tek,zehirli
gri,çıkıntılı,beyaz,çürük,orman,tek,zehirli
beyaz,düz,siyah,baharatlı,gübre,tek,zehirli
kahverengi,yuvarlak,kahverengi,baharatlı,kentsel,yok,zehirli
gri,yuvarlak,kahverengi,çürük,orman,tek,zehirli
sarı,çan,siyah,küflü,orman,tek,zehirli
kahverengi,düz,siyah,kokusuz,orman,tek,yenir
kahverengi,düz,siyah,badem,odunluk,tek,yenir
kahverengi,çan,pembe,çürük,kentsel,iki,zehirli
kahverengi,içbükey,kahverengi,anason,bahçe,tek,yenir
kırmızı,düz,çikolata,kokusuz,orman,iki,zehirli
kırmızı,içbükey,kahverengi,badem,odunluk,iki,yenir
sarı,içbükey,pembe,çürük,gübre,tek,zehirli
gri,düz,beyaz,tuzlu,kentsel,yok,zehirli
gri,düz,siyah,kreosot,kentsel,iki,zehirli
sarı,düz,siyah,küflü,çayır,tek,zehirli
kırmızı,düz,kahverengi,tuzlu,bahçe,asılı,zehirli
sarı,çıkıntılı,pembe,küflü,orman,iki,zehirli
kahverengi,yuvarlak,siyah,tuzlu,orman,yok,zehirli
beyaz,yuvarlak,beyaz,baharatlı,bahçe,yok,yenir
beyaz,yuvarlak,beyaz,kokusuz,gübre,tek,yenir
gri,düz,kahverengi,kreosot,gübre,tek,zehirli
kahverengi,çan,beyaz,kokusuz,çayır,tek,yenir
beyaz,düz,siyah,kokusuz,orman,tek,yenir
gri,çan,kahverengi,tuzlu,bahçe,asılı,zehirli
kahverengi,yuvarlak,beyaz,kokusuz,orman,iki,yenir
beyaz,yuvarlak,kahverengi,baharatlı,odunluk,yok,zehirli
kırmızı,düz,siyah,küflü,kentsel,yok,zehirli
beyaz,yuvarlak,pembe,kokusuz,gübre,tek,zehirli
sarı,çan,kahverengi,kokusuz,kentsel,tek,yenir
gri,düz,kahverengi,küflü,orman,iki,zehirli
gri,yuvarlak,pembe,küflü,çayır,tek,zehirli
beyaz,düz,kahverengi,kreosot,çayır,tek,zehirli
gri,yuvarlak,siyah,baharatlı,bahçe,tek,zehirli
kahverengi,yuvarlak,siyah,çürük,orman,tek,zehirli
gri,yuvarlak,kahverengi,kokusuz,çayır,yok,yenir
sarı,yuvarlak,siyah,anason,orman,yok,yenir
pembe,çıkıntılı,beyaz,küflü,orman,yok,zehirli
sarı,çan,kahverengi,badem,odunluk,tek,yenir
gri,düz,pembe,kokusuz,orman,asılı,yenir
beyaz,yuvarlak,siyah,tuzlu,çayır,yok,zehirli
beyaz,içbükey,pembe,kokusuz,kentsel,yok,zehirli
gri,düz,çikolata,baharatlı,orman,tek,zehirli
gri,çan,beyaz,badem,orman,yok,yenir
kahverengi,düz,siyah,badem,çayır,tek,yenir
kahverengi,yuvarlak,kahverengi,çürük,çayır,yok,zehirli
kahverengi,düz,beyaz,çürük,orman,iki,zehirli
sarı,çıkıntılı,siyah,tuzlu,bahçe,asılı,zehirli
sarı,içbükey,kahverengi,badem,bahçe,yok,yenir
kahverengi,çan,beyaz,kokusuz,çayır,tek,yenir
pembe,düz,beyaz,tuzlu,çayır,yok,zehirli
gri,yuvarlak,çikolata,kokusuz,orman,yok,zehirli
beyaz,düz,beyaz,kokusuz,orman,tek,yenir
kahverengi,düz,kahverengi,kokusuz,kentsel,asılı,zehirli
beyaz,çan,kahverengi,küflü,çayır,iki,zehirli
beyaz,çan,siyah,anason,odunluk,iki,yenir
gri,çan,pembe,çürük,gübre,iki,zehirli
sarı,içbükey,beyaz,kokusuz,gübre,iki,zehirli
beyaz,düz,çikolata,kokusuz,gübre,yok,zehirli
pembe,düz,kahverengi,kreosot,gübre,tek,zehirli
kahverengi,yuvarlak,beyaz,kreosot,orman,tek,zehirli
gri,yuvarlak,çikolata,kreosot,orman,asılı,zehirli
kırmızı,içbükey,siyah,kokusuz,bahçe,tek,zehirli
kahverengi,yuvarlak,beyaz,kokusuz,çayır,yok,yenir
kahverengi,çan,siyah,çürük,gübre,iki,zehirli
sarı,düz,çikolata,çürük,orman,yok,zehirli
pembe,düz,kahverengi,kokusuz,odunluk,tek,yenir
kahverengi,yuvarlak,kahverengi,tuzlu,orman,yok,zehirli
kahverengi,düz,pembe,kokusuz,orman,tek,zehirli
pembe,içbükey,kahverengi,baharatlı,odunluk,tek,zehirli
gri,yuvarlak,siyah,tuzlu,çayır,tek,zehirli
sarı,çan,beyaz,tuzlu,orman,iki,zehirli
sarı,yuvarlak,çikolata,çürük,çayır,yok,zehirli
beyaz,çan,pembe,tuzlu,kentsel,tek,zehirli
kahverengi,düz,kahverengi,kreosot,bahçe,iki,zehirli
beyaz,yuvarlak,beyaz,kokusuz,orman,iki,yenir
kahverengi,düz,pembe,kreosot,odunluk,yok,zehirli
kahverengi,düz,çikolata,baharatlı,bahçe,tek,zehirli
sarı,düz,çikolata,kokusuz,odunluk,asılı,zehirli
sarı,çıkıntılı,çikolata,kreosot,orman,iki,zehirli
kahverengi,çan,siyah,kokusuz,çayır,tek,yenir
sarı,yuvarlak,siyah,badem,odunluk,iki,yenir
beyaz,içbükey,kahverengi,küflü,bahçe,yok,zehirli
beyaz,yuvarlak,pembe,küflü,orman,yok,zehirli
gri,düz,kahverengi,kokusuz,odunluk,tek,yenir
sarı,düz,pembe,kokusuz,orman,tek,zehirli
sarı,çan,kahverengi,anason,çayır,asılı,yenir
gri,yuvarlak,siyah,badem,orman,iki,yenir
gri,çıkıntılı,kahverengi,küflü,orman,tek,zehirli
kahverengi,düz,kahverengi,küflü,bahçe,tek,zehirli
kahverengi,düz,beyaz,küflü,odunluk,tek,zehirli
beyaz,içbükey,siyah,çürük,kentsel,tek,zehirli
sarı,düz,çikolata,baharatlı,kentsel,iki,zehirli
kahverengi,düz,kahverengi,kokusuz,çayır,tek,yenir
sarı,yuvarlak,çikolata,çürük,bahçe,tek,zehirli
gri,çan,siyah,baharatlı,gübre,yok,zehirli
sarı,düz,siyah,baharatlı,orman,iki,zehirli
beyaz,yuvarlak,beyaz,çürük,orman,tek,zehirli
gri,düz,kahverengi,kokusuz,kentsel,asılı,yenir
beyaz,yuvarlak,siyah,kokusuz,orman,tek,yenir
sarı,içbükey,beyaz,çürük,bahçe,tek,zehirli
kahverengi,düz,kahverengi,tuzlu,orman,tek,zehirli
kahverengi,çan,beyaz,çürük,odunluk,asılı,zehirli
gri,düz,beyaz,kokusuz,kentsel,asılı,yenir
sarı,yuvarlak,kahverengi,çürük,bahçe,iki,zehirli
sarı,düz,çikolata,baharatlı,orman,iki,zehirli
pembe,düz,kahverengi,anason,kentsel,yok,yenir
kahverengi,yuvarlak,siyah,küflü,orman,yok,zehirli
gri,düz,kahverengi,kokusuz,kentsel,yok,zehirli
sarı,çıkıntılı,çikolata,kokusuz,kentsel,tek,zehirli
gri,çıkıntılı,beyaz,kokusuz,gübre,iki,yenir
beyaz,yuvarlak,beyaz,baharatlı,orman,tek,zehirli
kahverengi,düz,beyaz,kokusuz,orman,yok,yenir
sarı,yuvarlak,pembe,kokusuz,orman,yok,zehirli
beyaz,çan,beyaz,kokusuz,çayır,tek,zehirli
beyaz,çıkıntılı,çikolata,baharatlı,orman,tek,zehirli
beyaz,düz,beyaz,küflü,gübre,tek,zehirli
gri,yuvarlak,beyaz,badem,odunluk,tek,yenir
kahverengi,çan,siyah,kokusuz,çayır,asılı,yenir
kahverengi,çan,pembe,tuzlu,orman,yok,zehirli
kahverengi,çan,pembe,çürük,orman,iki,zehirli
pembe,yuvarlak,kahverengi,anason,kentsel,tek,yenir
kahverengi,çıkıntılı,siyah,küflü,odunluk,tek,yenir
sarı,içbükey,beyaz,badem,orman,tek,zehirli
kahverengi,yuvarlak,kahverengi,çürük,orman,tek,zehirli
kahverengi,yuvarlak,siyah,tuzlu,gübre,tek,zehirli
beyaz,çan,beyaz,baharatlı,orman,tek,zehirli
gri,düz,beyaz,tuzlu,orman,yok,zehirli
pembe,içbükey,beyaz,kokusuz,bahçe,tek,yenir
gri,düz,beyaz,kreosot,çayır,tek,zehirli
gri,içbükey,siyah,çürük,bahçe,tek,zehirli
kahverengi,içbükey,beyaz,küflü,orman,yok,zehirli
sarı,düz,siyah,çürük,orman,yok,zehirli
beyaz,yuvarlak,siyah,tuzlu,orman,yok,yenir
kahverengi,yuvarlak,beyaz,tuzlu,odunluk,iki,zehirli
kahverengi,içbükey,çikolata,kokusuz,orman,tek,zehirli
gri,düz,siyah,badem,odunluk,yok,yenir
kahverengi,içbükey,beyaz,kokusuz,orman,tek,zehirli
beyaz,içbükey,kahverengi,çürük,çayır,yok,zehirli
kahverengi,düz,beyaz,kokusuz,çayır,iki,yenir
sarı,çıkıntılı,kahverengi,çürük,kentsel,asılı,zehirli
beyaz,düz,kahverengi,kokusuz,orman,tek,yenir
kahverengi,yuvarlak,beyaz,badem,çayır,tek,yenir
gri,çıkıntılı,kahverengi,çürük,orman,tek,zehirli
beyaz,düz,pembe,kokusuz,çayır,yok,zehirli
kırmızı,yuvarlak,beyaz,baharatlı,orman,tek,zehirli
gri,düz,kahverengi,çürük,kentsel,iki,zehirli
kahverengi,düz,kahverengi,tuzlu,çayır,iki,zehirli
gri,çıkıntılı,kahverengi,küflü,kentsel,iki,zehirli
sarı,yuvarlak,çikolata,badem,odunluk,iki,zehirli
beyaz,yuvarlak,kahverengi,kokusuz,kentsel,iki,yenir
kahverengi,yuvarlak,kahverengi,tuzlu,bahçe,iki,zehirli
kahverengi,içbükey,beyaz,kokusuz,kentsel,tek,yenir
kahverengi,düz,kahverengi,küflü,bahçe,yok,zehirli
gri,yuvarlak,kahverengi,kokusuz,odunluk,tek,yenir
beyaz,yuvarlak,kahverengi,kokusuz,çayır,tek,zehirli
gri,içbükey,kahverengi,badem,orman,yok,yenir
kahverengi,yuvarlak,beyaz,baharatlı,orman,yok,zehirli
sarı,çan,beyaz,kreosot,odunluk,iki,zehirli
sarı,çıkıntılı,çikolata,kokusuz,odunluk,yok,zehirli
kahverengi,çıkıntılı,çikolata,kokusuz,odunluk,tek,zehirli
beyaz,düz,beyaz,kokusuz,odunluk,tek,zehirli
kahverengi,düz,çikolata,küflü,gübre,tek,zehirli
sarı,düz,siyah,küflü,çayır,yok,zehirli
kahverengi,düz,siyah,çürük,kentsel,tek,yenir
beyaz,yuvarlak,beyaz,kokusuz,gübre,yok,yenir
beyaz,düz,beyaz,kokusuz,çayır,iki,zehirli
sarı,çıkıntılı,çikolata,kokusuz,orman,tek,yenir
kahverengi,çan,siyah,baharatlı,çayır,yok,zehirli
beyaz,yuvarlak,beyaz,çürük,orman,asılı,zehirli
kahverengi,düz,siyah,küflü,bahçe,tek,zehirli
gri,içbükey,pembe,tuzlu,çayır,tek,zehirli
sarı,düz,kahverengi,çürük,gübre,iki,zehirli
sarı,düz,kahverengi,çürük,çayır,tek,zehirli
kahverengi,içbükey,kahverengi,kokusuz,çayır,tek,zehirli
sarı,düz,pembe,anason,çayır,asılı,zehirli
kahverengi,yuvarlak,kahverengi,çürük,orman,yok,zehirli
sarı,çan,kahverengi,baharatlı,orman,yok,zehirli
gri,yuvarlak,çikolata,anason,bahçe,tek,yenir
kahverengi,yuvarlak,kahverengi,kokusuz,orman,asılı,yenir
sarı,içbükey,pembe,kokusuz,bahçe,yok,yenir
kahverengi,çan,siyah,kokusuz,orman,asılı,yenir
kırmızı,düz,kahverengi,kokusuz,orman,tek,yenir
beyaz,yuvarlak,siyah,kokusuz,çayır,asılı,yenir
gri,düz,kahverengi,kokusuz,gübre,yok,zehirli
beyaz,düz,beyaz,tuzlu,kentsel,iki,zehirli
kahverengi,yuvarlak,siyah,küflü,bahçe,tek,zehirli
kahverengi,yuvarlak,kahverengi,anason,orman,iki,yenir
pembe,yuvarlak,siyah,kokusuz,kentsel,tek,yenir
beyaz,düz,pembe,kokusuz,orman,tek,yenir
kahverengi,yuvarlak,çikolata,kokusuz,gübre,yok,zehirli
kahverengi,yuvarlak,beyaz,baharatlı,bahçe,asılı,zehirli
kahverengi,yuvarlak,beyaz,kokusuz,orman,yok,yenir
gri,çan,siyah,tuzlu,orman,tek,zehirli
kahverengi,düz,siyah,kreosot,çayır,yok,zehirli
kahverengi,düz,kahverengi,kokusuz,bahçe,yok,zehirli
sarı,yuvarlak,beyaz,kokusuz,odunluk,yok,zehirli
beyaz,içbükey,pembe,kokusuz,çayır,yok,zehirli
beyaz,çıkıntılı,çikolata,tuzlu,orman,iki,zehirli
kırmızı,düz,siyah,çürük,bahçe,tek,zehirli
kahverengi,yuvarlak,siyah,kreosot,çayır,yok,zehirli
gri,yuvarlak,siyah,çürük,orman,asılı,zehirli
beyaz,içbükey,siyah,badem,kentsel,tek,yenir
kahverengi,düz,pembe,küflü,orman,tek,zehirli
kahverengi,çıkıntılı,pembe,çürük,bahçe,tek,zehirli
gri,düz,çikolata,kreosot,orman,tek,zehirli
sarı,çıkıntılı,çikolata,anason,orman,yok,zehirli
kırmızı,düz,kahverengi,çürük,çayır,iki,zehirli
sarı,düz,beyaz,anason,çayır,yok,zehirli
kahverengi,içbükey,beyaz,baharatlı,kentsel,tek,zehirli
beyaz,düz,kahverengi,kokusuz,orman,asılı,yenir
sarı,yuvarlak,siyah,küflü,çayır,iki,zehirli
kırmızı,yuvarlak,siyah,kreosot,orman,tek,zehirli
beyaz,çıkıntılı,kahverengi,kokusuz,orman,asılı,yenir
kırmızı,yuvarlak,pembe,kokusuz,kentsel,asılı,yenir
beyaz,düz,çikolata,küflü,orman,iki,zehirli
sarı,düz,pembe,anason,orman,iki,yenir
beyaz,yuvarlak,çikolata,tuzlu,orman,tek,zehirli
gri,içbükey,çikolata,baharatlı,çayır,tek,zehirli
sarı,düz,pembe,küflü,orman,yok,zehirli
sarı,çan,beyaz,tuzlu,orman,iki,zehirli
sarı,çıkıntılı,beyaz,çürük,orman,asılı,zehirli
gri,yuvarlak,kahverengi,baharatlı,odunluk,tek,zehirli
gri,düz,siyah,kreosot,çayır,asılı,zehirli
beyaz,içbükey,kahverengi,kokusuz,orman,iki,zehirli
gri,çan,kahverengi,baharatlı,bahçe,asılı,zehirli
beyaz,çan,pembe,baharatlı,orman,tek,zehirli
kahverengi,yuvarlak,beyaz,kokusuz,kentsel,iki,yenir
sarı,yuvarlak,pembe,çürük,odunluk,iki,zehirli
gri,yuvarlak,beyaz,kreosot,orman,tek,zehirli
beyaz,içbükey,kahverengi,çürük,orman,iki,zehirli
gri,çan,beyaz,çürük,kentsel,asılı,zehirli
gri,düz,siyah,baharatlı,orman,yok,zehirli
beyaz,yuvarlak,siyah,kreosot,odunluk,tek,zehirli
kırmızı,düz,kahverengi,kreosot,orman,asılı,zehirli
sarı,yuvarlak,kahverengi,çürük,orman,tek,zehirli
kahverengi,yuvarlak,beyaz,çürük,odunluk,asılı,zehirli
kahverengi,çan,beyaz,çürük,çayır,tek,zehirli
kırmızı,içbükey,siyah,kokusuz,orman,yok,zehirli
kahverengi,içbükey,siyah,çürük,çayır,yok,zehirli
gri,içbükey,siyah,kokusuz,orman,yok,yenir
sarı,düz,siyah,çürük,odunluk,tek,zehirli
kahverengi,düz,pembe,kokusuz,çayır,tek,yenir
beyaz,yuvarlak,beyaz,küflü,çayır,tek,zehirli
pembe,yuvarlak,kahverengi,kokusuz,kentsel,tek,yenir
beyaz,düz,kahverengi,kreosot,kentsel,tek,zehirli
gri,yuvarlak,beyaz,tuzlu,orman,tek,zehirli
gri,içbükey,beyaz,kokusuz,kentsel,iki,yenir
kahverengi,yuvarlak,beyaz,kreosot,orman,tek,zehirli
kırmızı,yuvarlak,siyah,kokusuz,odunluk,yok,yenir
beyaz,düz,beyaz,baharatlı,orman,tek,zehirli
gri,yuvarlak,çikolata,çürük,orman,tek,zehirli
kırmızı,yuvarlak,kahverengi,baharatlı,bahçe,tek,zehirli
sarı,düz,beyaz,kokusuz,gübre,yok,yenir
beyaz,düz,siyah,küflü,çayır,yok,zehirli
gri,düz,siyah,kreosot,bahçe,yok,zehirli
gri,yuvarlak,kahverengi,çürük,gübre,yok,zehirli
kahverengi,çıkıntılı,kahverengi,kokusuz,orman,iki,yenir
sarı,yuvarlak,kahverengi,baharatlı,çayır,tek,zehirli
gri,çan,kahverengi,küflü,orman,tek,zehirli
gri,yuvarlak,siyah,kokusuz,gübre,yok,zehirli
beyaz,düz,beyaz,kokusuz,gübre,tek,yenir
kahverengi,düz,kahverengi,baharatlı,orman,yok,zehirli
beyaz,çıkıntılı,pembe,küflü,kentsel,tek,zehirli
kahverengi,düz,beyaz,anason,orman,iki,yenir
gri,düz,beyaz,tuzlu,orman,tek,zehirli
gri,çıkıntılı,kahverengi,kokusuz,çayır,tek,yenir
kırmızı,yuvarlak,beyaz,kreosot,kentsel,tek,zehirli
kahverengi,içbükey,beyaz,kreosot,orman,asılı,zehirli
kahverengi,düz,çikolata,kokusuz,orman,asılı,zehirli
kahverengi,düz,çikolata,kreosot,odunluk,yok,zehirli
pembe,düz,kahverengi,baharatlı,orman,tek,zehirli
sarı,çıkıntılı,pembe,tuzlu,orman,tek,zehirli
kahverengi,yuvarlak,beyaz,tuzlu,odunluk,tek,zehirli
sarı,yuvarlak,çikolata,baharatlı,orman,iki,zehirli
kırmızı,düz,çikolata,kokusuz,çayır,iki,zehirli
sarı,çan,çikolata,tuzlu,gübre,asılı,zehirli
gri,yuvarlak,kahverengi,badem,çayır,tek,yenir
sarı,yuvarlak,pembe,kokusuz,orman,tek,zehirli
sarı,çan,beyaz,kreosot,orman,tek,zehirli
kahverengi,yuvarlak,beyaz,kreosot,orman,tek,zehirli
gri,çan,kahverengi,baharatlı,odunluk,asılı,zehirli
gri,yuvarlak,kahverengi,küflü,çayır,asılı,zehirli
beyaz,içbükey,çikolata,kokusuz,çayır,yok,zehirli
pembe,içbükey,siyah,kokusuz,orman,asılı,zehirli
sarı,düz,pembe,kokusuz,orman,asılı,yenir
kırmızı,yuvarlak,kahverengi,baharatlı,orman,asılı,zehirli
kahverengi,içbükey,çikolata,kokusuz,çayır,tek,zehirli
kahverengi,düz,çikolata,baharatlı,orman,yok,zehirli
gri,düz,siyah,kokusuz,bahçe,tek,yenir
kahverengi,yuvarlak,kahverengi,tuzlu,odunluk,tek,zehirli
kahverengi,düz,kahverengi,tuzlu,odunluk,tek,zehirli
gri,çıkıntılı,siyah,badem,çayır,tek,yenir
kahverengi,düz,kahverengi,kokusuz,orman,yok,yenir
sarı,düz,çikolata,kokusuz,orman,tek,zehirli
sarı,içbükey,beyaz,kreosot,odunluk,tek,zehirli
beyaz,düz,siyah,kreosot,kentsel,yok,zehirli
sarı,yuvarlak,kahverengi,kokusuz,odunluk,iki,zehirli
kırmızı,düz,kahverengi,çürük,gübre,yok,zehirli
beyaz,çan,siyah,kokusuz,gübre,tek,yenir
sarı,düz,siyah,çürük,çayır,iki,zehirli
kırmızı,içbükey,pembe,anason,odunluk,yok,zehirli
kahverengi,çıkıntılı,kahverengi,küflü,çayır,tek,zehirli
kahverengi,düz,pembe,kreosot,bahçe,yok,zehirli
kahverengi,yuvarlak,pembe,tuzlu,gübre,yok,zehirli
sarı,düz,siyah,kokusuz,odunluk,tek,zehirli
kahverengi,içbükey,pembe,küflü,odunluk,tek,zehirli
kahverengi,yuvarlak,beyaz,çürük,çayır,tek,zehirli
kahverengi,yuvarlak,kahverengi,kokusuz,gübre,tek,zehirli
beyaz,çıkıntılı,kahverengi,kokusuz,çayır,yok,yenir
gri,içbükey,beyaz,baharatlı,çayır,tek,yenir
sarı,yuvarlak,beyaz,kokusuz,kentsel,yok,zehirli
gri,yuvarlak,kahverengi,baharatlı,kentsel,yok,zehirli
beyaz,yuvarlak,çikolata,anason,bahçe,tek,zehirli
sarı,çıkıntılı,pembe,tuzlu,çayır,iki,zehirli
gri,yuvarlak,çikolata,tuzlu,odunluk,iki,zehirli
kırmızı,yuvarlak,beyaz,kokusuz,çayır,tek,zehirli
sarı,düz,beyaz,kokusuz,çayır,tek,yenir
beyaz,düz,beyaz,badem,bahçe,iki,yenir
beyaz,yuvarlak,beyaz,baharatlı,orman,tek,zehirli
gri,çan,siyah,anason,kentsel,yok,zehirli
kahverengi,çıkıntılı,siyah,kokusuz,odunluk,yok,zehirli
kahverengi,yuvarlak,kahverengi,çürük,çayır,yok,zehirli
sarı,yuvarlak,pembe,tuzlu,gübre,tek,zehirli
beyaz,içbükey,siyah,baharatlı,gübre,iki,zehirli
kahverengi,yuvarlak,kahverengi,tuzlu,orman,iki,zehirli
kahverengi,düz,beyaz,çürük,kentsel,yok,zehirli
gri,yuvarlak,beyaz,kokusuz,odunluk,yok,yenir
kahverengi,düz,beyaz,çürük,orman,asılı,zehirli
kahverengi,çıkıntılı,pembe,kreosot,orman,yok,zehirli
sarı,düz,beyaz,küflü,orman,asılı,zehirli
kahverengi,yuvarlak,kahverengi,çürük,çayır,yok,zehirli
sarı,içbükey,beyaz,kokusuz,çayır,tek,yenir
kırmızı,çan,kahverengi,tuzlu,kentsel,tek,zehirli
beyaz,düz,kahverengi,baharatlı,orman,yok,zehirli
kahverengi,çan,çikolata,tuzlu,çayır,tek,zehirli
kahverengi,içbükey,siyah,kokusuz,çayır,tek,yenir
sarı,yuvarlak,kahverengi,baharatlı,orman,yok,zehirli
kırmızı,içbükey,çikolata,tuzlu,orman,tek,zehirli
gri,içbükey,çikolata,kokusuz,odunluk,iki,zehirli
sarı,yuvarlak,pembe,badem,çayır,yok,yenir
beyaz,düz,beyaz,tuzlu,orman,iki,zehirli
kahverengi,çan,çikolata,kokusuz,gübre,asılı,yenir
kahverengi,içbükey,kahverengi,baharatlı,orman,tek,zehirli
sarı,yuvarlak,siyah,küflü,orman,yok,zehirli
kahverengi,düz,kahverengi,anason,orman,asılı,yenir
kahverengi,düz,çikolata,badem,orman,yok,zehirli
beyaz,yuvarlak,siyah,baharatlı,orman,iki,zehirli
kahverengi,içbükey,beyaz,küflü,orman,tek,zehirli
kahverengi,içbükey,siyah,kreosot,çayır,yok,zehirli
sarı,yuvarlak,çikolata,kokusuz,odunluk,yok,zehirli
kırmızı,yuvarlak,çikolata,baharatlı,orman,tek,zehirli
pembe,yuvarlak,beyaz,kreosot,odunluk,tek,zehirli
sarı,çan,siyah,kokusuz,orman,yok,zehirli
beyaz,yuvarlak,çikolata,tuzlu,çayır,tek,zehirli
kahverengi,yuvarlak,beyaz,baharatlı,odunluk,tek,zehirli
sarı,düz,kahverengi,kreosot,çayır,yok,zehirli
sarı,yuvarlak,kahverengi,baharatlı,orman,yok,zehirli
gri,yuvarlak,çikolata,küflü,çayır,iki,zehirli
sarı,düz,kahverengi,baharatlı,orman,asılı,zehirli
beyaz,yuvarlak,beyaz,kokusuz,orman,iki,yenir
beyaz,yuvarlak,kahverengi,kokusuz,odunluk,yok,yenir
sarı,yuvarlak,çikolata,kokusuz,çayır,yok,zehirli
gri,düz,kahverengi,kokusuz,orman,asılı,yenir
kahverengi,yuvarlak,beyaz,baharatlı,çayır,tek,zehirli
beyaz,içbükey,siyah,baharatlı,çayır,iki,zehirli
gri,düz,pembe,badem,orman,tek,yenir
kahverengi,çan,kahverengi,kreosot,çayır,tek,zehirli
sarı,çan,beyaz,kokusuz,çayır,tek,zehirli
kahverengi,çıkıntılı,kahverengi,kokusuz,orman,tek,yenir
kahverengi,yuvarlak,beyaz,badem,bahçe,yok,zehirli
beyaz,yuvarlak,pembe,kreosot,orman,yok,zehirli
pembe,düz,kahverengi,kokusuz,orman,iki,yenir
gri,düz,kahverengi,anason,gübre,yok,yenir
sarı,çıkıntılı,siyah,çürük,çayır,tek,zehirli
beyaz,yuvarlak,çikolata,kreosot,orman,tek,zehirli
sarı,düz,beyaz,kreosot,odunluk,yok,zehirli
kahverengi,düz,kahverengi,baharatlı,gübre,tek,zehirli
gri,yuvarlak,beyaz,baharatlı,gübre,tek,zehirli
beyaz,içbükey,kahverengi,badem,kentsel,asılı,yenir
pembe,yuvarlak,siyah,baharatlı,gübre,tek,zehirli
kırmızı,yuvarlak,kahverengi,baharatlı,kentsel,yok,zehirli
beyaz,düz,pembe,baharatlı,orman,tek,zehirli
kahverengi,düz,beyaz,küflü,bahçe,tek,zehirli
sarı,yuvarlak,siyah,baharatlı,odunluk,tek,zehirli
kırmızı,yuvarlak,beyaz,küflü,odunluk,iki,zehirli
sarı,düz,kahverengi,kokusuz,çayır,iki,yenir
kırmızı,çan,siyah,küflü,çayır,asılı,zehirli
kahverengi,çıkıntılı,siyah,anason,çayır,tek,yenir
kahverengi,yuvarlak,pembe,küflü,odunluk,yok,zehirli
sarı,yuvarlak,siyah,baharatlı,kentsel,iki,zehirli
beyaz,yuvarlak,siyah,çürük,bahçe,asılı,zehirli
pembe,yuvarlak,siyah,tuzlu,orman,yok,zehirli
beyaz,içbükey,kahverengi,küflü,orman,yok,zehirli
kahverengi,yuvarlak,siyah,tuzlu,çayır,tek,zehirli
sarı,çan,çikolata,kreosot,gübre,yok,zehirli
beyaz,düz,beyaz,çürük,çayır,asılı,zehirli
sarı,düz,kahverengi,tuzlu,kentsel,tek,zehirli
beyaz,yuvarlak,siyah,kreosot,orman,iki,zehirli
kahverengi,çan,pembe,kokusuz,orman,yok,zehirli
kahverengi,yuvarlak,beyaz,çürük,bahçe,yok,zehirli
sarı,düz,siyah,baharatlı,bahçe,iki,zehirli
kahverengi,düz,beyaz,çürük,orman,yok,zehirli
gri,düz,pembe,baharatlı,bahçe,asılı,zehirli
kahverengi,içbükey,pembe,baharatlı,çayır,tek,zehirli
kırmızı,yuvarlak,kahverengi,çürük,orman,asılı,zehirli
beyaz,içbükey,beyaz,kreosot,kentsel,tek,zehirli
pembe,çan,beyaz,anason,orman,tek,yenir
kırmızı,düz,beyaz,kokusuz,çayır,tek,yenir
kahverengi,içbükey,kahverengi,tuzlu,çayır,asılı,zehirli
gri,yuvarlak,beyaz,tuzlu,orman,tek,zehirli
gri,düz,pembe,kokusuz,orman,yok,zehirli
beyaz,içbükey,kahverengi,küflü,orman,yok,zehirli
kırmızı,yuvarlak,kahverengi,baharatlı,orman,yok,zehirli
beyaz,yuvarlak,beyaz,kokusuz,çayır,tek,yenir
kahverengi,çıkıntılı,çikolata,kokusuz,kentsel,tek,zehirli
kırmızı,çan,beyaz,kokusuz,çayır,tek,yenir
beyaz,çan,kahverengi,badem,orman,tek,yenir
gri,çıkıntılı,pembe,kreosot,orman,asılı,zehirli
gri,düz,kahverengi,tuzlu,orman,yok,zehirli
kahverengi,düz,beyaz,küflü,orman,asılı,zehirli
kahverengi,yuvarlak,siyah,kokusuz,odunluk,tek,zehirli
kahverengi,çan,çikolata,kokusuz,orman,tek,zehirli
kahverengi,düz,kahverengi,baharatlı,orman,asılı,zehirli
beyaz,düz,kahverengi,kreosot,bahçe,iki,zehirli
gri,yuvarlak,pembe,kokusuz,orman,iki,zehirli
gri,yuvarlak,kahverengi,baharatlı,kentsel,tek,zehirli
beyaz,düz,siyah,kreosot,gübre,yok,zehirli
sarı,yuvarlak,siyah,badem,kentsel,yok,zehirli
sarı,düz,kahverengi,kokusuz,orman,tek,zehirli
kahverengi,yuvarlak,beyaz,badem,odunluk,tek,yenir
sarı,yuvarlak,beyaz,kokusuz,odunluk,asılı,yenir
beyaz,çan,kahverengi,baharatlı,orman,tek,zehirli
beyaz,çıkıntılı,siyah,çürük,orman,tek,zehirli
sarı,yuvarlak,pembe,çürük,çayır,iki,zehirli
kırmızı,düz,kahverengi,çürük,kentsel,tek,zehirli
gri,yuvarlak,çikolata,kokusuz,bahçe,tek,zehirli
gri,düz,pembe,kokusuz,orman,tek,yenir
kahverengi,yuvarlak,kahverengi,baharatlı,bahçe,tek,zehirli
gri,yuvarlak,çikolata,çürük,bahçe,tek,zehirli
kırmızı,düz,kahverengi,kokusuz,orman,iki,yenir
sarı,düz,kahverengi,baharatlı,odunluk,tek,zehirli
kahverengi,düz,beyaz,tuzlu,orman,asılı,zehirli
beyaz,yuvarlak,çikolata,baharatlı,kentsel,yok,zehirli
kahverengi,çıkıntılı,kahverengi,kokusuz,çayır,yok,zehirli
kahverengi,yuvarlak,kahverengi,çürük,odunluk,yok,zehirli
gri,düz,siyah,tuzlu,bahçe,yok,zehirli
kahverengi,yuvarlak,beyaz,kokusuz,çayır,yok,yenir
sarı,çan,beyaz,küflü,orman,tek,zehirli
kahverengi,yuvarlak,kahverengi,kreosot,odunluk,tek,zehirli
beyaz,yuvarlak,çikolata,baharatlı,çayır,yok,zehirli
beyaz,yuvarlak,beyaz,kreosot,kentsel,tek,zehirli
kırmızı,düz,beyaz,kreosot,gübre,iki,zehirli
gri,düz,kahverengi,kreosot,gübre,tek,zehirli
gri,düz,beyaz,kokusuz,orman,yok,zehirli
kahverengi,çıkıntılı,kahverengi,tuzlu,odunluk,tek,zehirli
kırmızı,düz,siyah,küflü,orman,asılı,zehirli
kahverengi,yuvarlak,çikolata,küflü,gübre,tek,zehirli
kahverengi,düz,pembe,baharatlı,orman,asılı,zehirli
pembe,yuvarlak,kahverengi,badem,çayır,yok,yenir
sarı,çan,beyaz,çürük,orman,yok,zehirli
sarı,düz,kahverengi,kokusuz,orman,tek,yenir
beyaz,içbükey,beyaz,kokusuz,gübre,asılı,yenir
beyaz,içbükey,pembe,tuzlu,orman,tek,zehirli
beyaz,çıkıntılı,çikolata,anason,orman,yok,zehirli
kahverengi,düz,beyaz,çürük,çayır,tek,yenir
beyaz,düz,kahverengi,küflü,orman,tek,zehirli
kahverengi,düz,siyah,küflü,orman,tek,zehirli
gri,çıkıntılı,kahverengi,çürük,kentsel,asılı,zehirli
beyaz,yuvarlak,kahverengi,tuzlu,çayır,tek,zehirli
kırmızı,düz,kahverengi,tuzlu,orman,tek,zehirli
sarı,yuvarlak,pembe,çürük,orman,asılı,zehirli
kahverengi,çan,kahverengi,kreosot,bahçe,asılı,zehirli
sarı,düz,kahverengi,anason,orman,yok,zehirli
kahverengi,çıkıntılı,beyaz,kreosot,orman,yok,zehirli
kahverengi,çan,siyah,kokusuz,orman,tek,zehirli
pembe,yuvarlak,siyah,kokusuz,odunluk,iki,yenir
gri,düz,kahverengi,kokusuz,çayır,tek,yenir
kahverengi,düz,siyah,kokusuz,çayır,asılı,yenir
beyaz,yuvarlak,siyah,kokusuz,orman,tek,zehirli
kırmızı,yuvarlak,pembe,anason,çayır,yok,zehirli
kahverengi,çan,çikolata,kokusuz,orman,asılı,zehirli
beyaz,düz,siyah,baharatlı,çayır,tek,zehirli
kırmızı,düz,siyah,baharatlı,bahçe,yok,zehirli
kahverengi,çan,beyaz,kokusuz,çayır,tek,yenir
kahverengi,düz,çikolata,çürük,odunluk,asılı,zehirli
beyaz,düz,çikolata,kokusuz,odunluk,yok,yenir
kahverengi,yuvarlak,beyaz,kokusuz,gübre,tek,yenir
sarı,düz,beyaz,badem,orman,tek,yenir
beyaz,çan,pembe,kreosot,çayır,tek,zehirli
pembe,çıkıntılı,kahverengi,baharatlı,gübre,iki,zehirli
kahverengi,düz,çikolata,küflü,orman,tek,zehirli
gri,düz,beyaz,kokusuz,gübre,yok,zehirli
kırmızı,yuvarlak,siyah,kokusuz,orman,tek,yenir
beyaz,düz,kahverengi,kokusuz,kentsel,tek,yenir
gri,çan,çikolata,kreosot,orman,yok,zehirli
sarı,yuvarlak,beyaz,kokusuz,odunluk,asılı,yenir
kırmızı,düz,beyaz,kreosot,bahçe,iki,zehirli
sarı,düz,beyaz,çürük,kentsel,tek,zehirli
pembe,çan,beyaz,kokusuz,çayır,yok,yenir
kahverengi,çıkıntılı,pembe,kokusuz,orman,tek,yenir
kahverengi,yuvarlak,beyaz,kokusuz,orman,iki,yenir
kırmızı,düz,beyaz,baharatlı,orman,tek,zehirli
sarı,çan,pembe,anason,orman,tek,zehirli
sarı,düz,siyah,küflü,gübre,tek,zehirli
pembe,yuvarlak,pembe,kokusuz,kentsel,tek,yenir
kırmızı,çan,beyaz,baharatlı,çayır,asılı,zehirli
sarı,içbükey,pembe,baharatlı,çayır,tek,zehirli
kahverengi,düz,kahverengi,kreosot,odunluk,tek,zehirli
kahverengi,yuvarlak,beyaz,baharatlı,bahçe,tek,zehirli
kahverengi,yuvarlak,siyah,kokusuz,orman,tek,yenir
sarı,yuvarlak,siyah,baharatlı,orman,asılı,zehirli
kahverengi,düz,siyah,baharatlı,çayır,tek,zehirli
beyaz,düz,siyah,küflü,kentsel,asılı,zehirli
kırmızı,çan,siyah,küflü,çayır,asılı,zehirli
beyaz,düz,çikolata,badem,odunluk,asılı,zehirli
gri,içbükey,kahverengi,kreosot,çayır,tek,zehirli
kahverengi,yuvarlak,kahverengi,kokusuz,gübre,yok,zehirli
beyaz,çan,çikolata,kokusuz,orman,asılı,yenir
kırmızı,çan,siyah,baharatlı,orman,tek,zehirli
kahverengi,düz,çikolata,kokusuz,odunluk,asılı,yenir
kahverengi,yuvarlak,kahverengi,badem,orman,asılı,zehirli
kırmızı,yuvarlak,pembe,tuzlu,orman,tek,zehirli
kırmızı,çan,kahverengi,kokusuz,odunluk,asılı,yenir
gri,düz,kahverengi,kokusuz,çayır,iki,zehirli
sarı,çan,beyaz,baharatlı,odunluk,tek,zehirli
kırmızı,düz,kahverengi,kokusuz,gübre,iki,yenir
beyaz,çan,beyaz,küflü,çayır,iki,zehirli
sarı,düz,siyah,tuzlu,orman,yok,zehirli
sarı,çan,siyah,baharatlı,bahçe,yok,zehirli
gri,çan,çikolata,kreosot,çayır,asılı,zehirli
sarı,yuvarlak,kahverengi,anason,orman,tek,yenir
kahverengi,çan,siyah,badem,orman,tek,yenir
gri,yuvarlak,kahverengi,kreosot,gübre,yok,zehirli
beyaz,çıkıntılı,siyah,kreosot,odunluk,yok,zehirli
beyaz,yuvarlak,pembe,küflü,çayır,yok,zehirli
kahverengi,düz,kahverengi,küflü,orman,yok,zehirli
sarı,içbükey,çikolata,kokusuz,orman,asılı,yenir
kahverengi,yuvarlak,siyah,tuzlu,orman,iki,zehirli
kahverengi,düz,kahverengi,çürük,orman,yok,zehirli
kahverengi,yuvarlak,kahverengi,kokusuz,gübre,yok,yenir
beyaz,düz,beyaz,kreosot,orman,tek,zehirli
sarı,düz,siyah,küflü,orman,tek,zehirli
kahverengi,düz,kahverengi,kreosot,çayır,tek,zehirli
gri,düz,kahverengi,kokusuz,çayır,yok,yenir
kırmızı,yuvarlak,kahverengi,çürük,odunluk,tek,zehirli
kahverengi,yuvarlak,kahverengi,kokusuz,bahçe,iki,zehirli
kahverengi,çıkıntılı,siyah,baharatlı,orman,yok,zehirli
kahverengi,yuvarlak,siyah,kreosot,kentsel,tek,zehirli
beyaz,düz,çikolata,baharatlı,çayır,yok,zehirli
gri,yuvarlak,kahverengi,kokusuz,çayır,yok,yenir
kahverengi,çan,beyaz,kokusuz,kentsel,iki,yenir
gri,düz,beyaz,çürük,çayır,tek,zehirli
kahverengi,düz,çikolata,küflü,çayır,tek,zehirli
kahverengi,yuvarlak,beyaz,kokusuz,çayır,tek,yenir
sarı,yuvarlak,siyah,baharatlı,kentsel,iki,zehirli
kahverengi,düz,pembe,kokusuz,orman,tek,zehirli
beyaz,yuvarlak,kahverengi,kokusuz,odunluk,asılı,yenir
sarı,yuvarlak,kahverengi,kokusuz,kentsel,iki,yenir
kahverengi,çıkıntılı,beyaz,kokusuz,çayır,tek,yenir
kahverengi,düz,kahverengi,tuzlu,orman,asılı,zehirli
kırmızı,yuvarlak,siyah,çürük,orman,yok,zehirli
sarı,düz,beyaz,kokusuz,kentsel,asılı,zehirli
kahverengi,çan,kahverengi,kreosot,orman,iki,zehirli
sarı,çan,kahverengi,kreosot,odunluk,yok,zehirli
sarı,çan,siyah,kokusuz,orman,iki,yenir
sarı,çan,beyaz,baharatlı,çayır,yok,zehirli
kahverengi,içbükey,siyah,kokusuz,gübre,tek,yenir
sarı,düz,kahverengi,badem,çayır,yok,yenir
gri,yuvarlak,pembe,baharatlı,odunluk,tek,zehirli
gri,yuvarlak,çikolata,kokusuz,bahçe,asılı,yenir
sarı,yuvarlak,çikolata,kreosot,orman,yok,zehirli
kahverengi,yuvarlak,siyah,baharatlı,kentsel,iki,zehirli
gri,düz,siyah,küflü,çayır,yok,zehirli
sarı,içbükey,siyah,küflü,orman,asılı,zehirli
kahverengi,yuvarlak,kahverengi,kokusuz,kentsel,iki,zehirli
sarı,çıkıntılı,beyaz,küflü,kentsel,tek,zehirli
kahverengi,çıkıntılı,çikolata,kreosot,orman,tek,zehirli
beyaz,yuvarlak,çikolata,anason,odunluk,yok,yenir
beyaz,düz,beyaz,baharatlı,kentsel,asılı,zehirli
kırmızı,çıkıntılı,kahverengi,kokusuz,çayır,iki,yenir
sarı,düz,pembe,kokusuz,kentsel,yok,zehirli
beyaz,düz,siyah,kokusuz,odunluk,tek,yenir
kahverengi,çan,beyaz,baharatlı,orman,asılı,zehirli
sarı,düz,kahverengi,çürük,odunluk,tek,zehirli
kırmızı,içbükey,kahverengi,baharatlı,orman,yok,zehirli
beyaz,yuvarlak,kahverengi,baharatlı,gübre,yok,zehirli
kahverengi,düz,kahverengi,kokusuz,kentsel,yok,yenir
kırmızı,düz,siyah,kokusuz,kentsel,tek,zehirli
sarı,düz,kahverengi,küflü,kentsel,tek,zehirli
beyaz,düz,pembe,kokusuz,kentsel,tek,yenir
gri,düz,kahverengi,kokusuz,orman,iki,yenir
beyaz,yuvarlak,çikolata,kokusuz,odunluk,asılı,yenir
kırmızı,düz,beyaz,badem,orman,yok,zehirli
beyaz,yuvarlak,kahverengi,kokusuz,orman,tek,zehirli
kahverengi,çıkıntılı,siyah,küflü,orman,asılı,zehirli
sarı,düz,kahverengi,baharatlı,orman,asılı,zehirli
sarı,çan,kahverengi,çürük,çayır,yok,zehirli
gri,çan,kahverengi,kokusuz,orman,asılı,yenir
sarı,yuvarlak,kahverengi,baharatlı,odunluk,iki,zehirli
beyaz,yuvarlak,kahverengi,baharatlı,odunluk,asılı,zehirli
kahverengi,yuvarlak,çikolata,çürük,bahçe,tek,zehirli
sarı,yuvarlak,pembe,kokusuz,orman,asılı,yenir
sarı,düz,kahverengi,küflü,bahçe,yok,zehirli
kahverengi,yuvarlak,kahverengi,badem,bahçe,tek,zehirli
sarı,içbükey,kahverengi,baharatlı,çayır,tek,zehirli
kırmızı,düz,çikolata,kokusuz,orman,asılı,zehirli
beyaz,çan,kahverengi,küflü,orman,tek,zehirli
gri,yuvarlak,beyaz,tuzlu,çayır,iki,zehirli
sarı,düz,beyaz,tuzlu,odunluk,asılı,zehirli
sarı,çan,çikolata,anason,odunluk,iki,zehirli
kırmızı,içbükey,kahverengi,küflü,çayır,tek,zehirli
beyaz,çan,kahverengi,kreosot,kentsel,iki,zehirli
pembe,düz,beyaz,kreosot,çayır,iki,zehirli
beyaz,düz,kahverengi,kokusuz,çayır,tek,zehirli
gri,düz,beyaz,kreosot,odunluk,yok,zehirli
sarı,içbükey,beyaz,çürük,orman,tek,zehirli
kahverengi,çıkıntılı,siyah,kokusuz,orman,tek,yenir
kırmızı,düz,siyah,kreosot,çayır,tek,zehirli
kırmızı,çan,beyaz,kokusuz,odunluk,yok,yenir
kahverengi,içbükey,beyaz,çürük,orman,yok,zehirli
beyaz,düz,çikolata,kreosot,kentsel,iki,zehirli
kahverengi,düz,beyaz,çürük,kentsel,asılı,zehirli
kahverengi,düz,siyah,badem,çayır,asılı,yenir
kahverengi,yuvarlak,pembe,baharatlı,orman,asılı,zehirli
sarı,çıkıntılı,kahverengi,küflü,çayır,tek,zehirli
sarı,çan,kahverengi,kokusuz,orman,iki,yenir
sarı,çan,beyaz,küflü,çayır,asılı,zehirli
sarı,yuvarlak,kahverengi,kokusuz,kentsel,tek,zehirli
kırmızı,yuvarlak,kahverengi,kokusuz,bahçe,tek,yenir
beyaz,çan,beyaz,çürük,orman,tek,zehirli
kahverengi,yuvarlak,kahverengi,baharatlı,kentsel,tek,zehirli
sarı,yuvarlak,pembe,kokusuz,orman,iki,yenir
kırmızı,yuvarlak,beyaz,küflü,kentsel,yok,zehirli
kahverengi,düz,pembe,baharatlı,kentsel,asılı,zehirli
gri,çıkıntılı,çikolata,kokusuz,orman,iki,yenir
beyaz,çan,siyah,kokusuz,bahçe,tek,yenir
kahverengi,yuvarlak,beyaz,anason,kentsel,tek,yenir
sarı,düz,beyaz,kokusuz,gübre,yok,zehirli
kahverengi,içbükey,beyaz,kokusuz,orman,yok,yenir
kırmızı,düz,beyaz,anason,orman,yok,yenir
sarı,düz,beyaz,baharatlı,gübre,yok,zehirli
pembe,çan,çikolata,küflü,gübre,tek,zehirli
gri,yuvarlak,siyah,çürük,gübre,tek,zehirli
beyaz,düz,beyaz,kreosot,orman,tek,zehirli
beyaz,çıkıntılı,beyaz,baharatlı,bahçe,tek,zehirli
gri,yuvarlak,kahverengi,küflü,çayır,asılı,zehirli
kahverengi,yuvarlak,pembe,anason,çayır,asılı,yenir
kahverengi,düz,pembe,tuzlu,odunluk,tek,zehirli
sarı,yuvarlak,siyah,kreosot,çayır,tek,zehirli
kahverengi,düz,kahverengi,kokusuz,çayır,tek,yenir
kahverengi,düz,siyah,küflü,bahçe,tek,zehirli
kahverengi,düz,kahverengi,baharatlı,çayır,asılı,zehirli
beyaz,düz,çikolata,çürük,orman,yok,zehirli
gri,çıkıntılı,siyah,küflü,orman,tek,zehirli
kırmızı,yuvarlak,siyah,küflü,orman,tek,zehirli
sarı,düz,siyah,tuzlu,bahçe,tek,zehirli
sarı,düz,siyah,kokusuz,gübre,tek,yenir
gri,çan,kahverengi,küflü,orman,yok,zehirli
gri,içbükey,çikolata,tuzlu,çayır,tek,zehirli
beyaz,çıkıntılı,kahverengi,tuzlu,gübre,asılı,zehirli
kahverengi,yuvarlak,siyah,kokusuz,kentsel,yok,yenir
beyaz,yuvarlak,siyah,kokusuz,çayır,iki,zehirli
sarı,yuvarlak,beyaz,kreosot,çayır,iki,zehirli
kahverengi,düz,beyaz,baharatlı,odunluk,tek,zehirli
kahverengi,düz,kahverengi,kokusuz,çayır,iki,zehirli
beyaz,düz,siyah,kreosot,bahçe,iki,zehirli
sarı,düz,çikolata,küflü,orman,iki,zehirli
kahverengi,içbükey,çikolata,kokusuz,odunluk,tek,yenir
sarı,düz,beyaz,çürük,orman,yok,zehirli
sarı,yuvarlak,kahverengi,badem,orman,tek,zehirli
sarı,içbükey,siyah,tuzlu,bahçe,yok,zehirli
gri,yuvarlak,pembe,küflü,kentsel,yok,zehirli
beyaz,düz,kahverengi,badem,kentsel,asılı,yenir
gri,düz,siyah,kokusuz,orman,tek,yenir
kırmızı,çan,siyah,kokusuz,orman,iki,zehirli
kahverengi,içbükey,beyaz,kokusuz,çayır,tek,yenir
beyaz,yuvarlak,beyaz,anason,orman,tek,yenir
sarı,yuvarlak,kahverengi,kokusuz,bahçe,tek,zehirli
beyaz,çan,beyaz,kreosot,orman,yok,zehirli
kahverengi,içbükey,siyah,tuzlu,gübre,yok,zehirli
kırmızı,yuvarlak,kahverengi,kokusuz,çayır,yok,zehirli
sarı,düz,çikolata,kokusuz,çayır,tek,yenir
kahverengi,çan,kahverengi,kokusuz,odunluk,tek,yenir
kahverengi,düz,pembe,badem,orman,tek,yenir
kırmızı,düz,pembe,kokusuz,orman,tek,zehirli
kahverengi,düz,pembe,tuzlu,orman,yok,zehirli
beyaz,yuvarlak,kahverengi,kokusuz,orman,yok,zehirli
kahverengi,çan,beyaz,kreosot,kentsel,tek,zehirli
sarı,düz,çikolata,kokusuz,çayır,tek,zehirli
kahverengi,yuvarlak,beyaz,baharatlı,çayır,tek,zehirli
sarı,çıkıntılı,çikolata,kreosot,çayır,yok,zehirli
beyaz,yuvarlak,beyaz,baharatlı,gübre,yok,zehirli
kırmızı,çıkıntılı,kahverengi,kokusuz,orman,iki,yenir
beyaz,yuvarlak,çikolata,kokusuz,orman,iki,zehirli
kahverengi,yuvarlak,siyah,küflü,bahçe,iki,zehirli
kırmızı,yuvarlak,çikolata,çürük,orman,tek,zehirli
kahverengi,çan,kahverengi,çürük,bahçe,yok,zehirli
kahverengi,yuvarlak,beyaz,kokusuz,orman,asılı,yenir
kahverengi,çan,beyaz,badem,orman,asılı,yenir
kahverengi,düz,beyaz,kokusuz,orman,tek,yenir
kahverengi,düz,çikolata,kokusuz,odunluk,asılı,yenir
kahverengi,düz,beyaz,tuzlu,orman,yok,zehirli
kahverengi,düz,beyaz,kreosot,çayır,asılı,zehirli
beyaz,düz,kahverengi,küflü,odunluk,iki,zehirli
kahverengi,yuvarlak,pembe,kokusuz,orman,iki,zehirli
kahverengi,düz,pembe,tuzlu,kentsel,iki,zehirli
kırmızı,yuvarlak,siyah,küflü,kentsel,yok,zehirli
beyaz,içbükey,pembe,kokusuz,gübre,tek,yenir
pembe,çan,pembe,kreosot,çayır,tek,zehirli
kırmızı,çan,siyah,kreosot,bahçe,iki,zehirli
kırmızı,çan,kahverengi,çürük,orman,asılı,zehirli
kahverengi,çıkıntılı,kahverengi,küflü,gübre,asılı,yenir
kahverengi,çan,siyah,kreosot,gübre,tek,zehirli
beyaz,düz,çikolata,kokusuz,kentsel,asılı,zehirli
kahverengi,düz,kahverengi,kokusuz,gübre,iki,yenir
gri,çan,siyah,kreosot,orman,asılı,zehirli
kahverengi,düz,kahverengi,kokusuz,kentsel,tek,zehirli
sarı,çan,pembe,kreosot,kentsel,tek,zehirli
kahverengi,çan,çikolata,çürük,orman,tek,zehirli
kahverengi,çıkıntılı,beyaz,küflü,orman,yok,zehirli
gri,yuvarlak,siyah,anason,orman,yok,yenir
sarı,çıkıntılı,siyah,kokusuz,orman,tek,yenir
kahverengi,düz,kahverengi,tuzlu,orman,tek,zehirli
sarı,yuvarlak,çikolata,baharatlı,kentsel,iki,zehirli
sarı,içbükey,beyaz,çürük,gübre,tek,zehirli
kahverengi,yuvarlak,siyah,kreosot,kentsel,asılı,zehirli
gri,yuvarlak,siyah,küflü,orman,tek,zehirli
kahverengi,düz,kahverengi,baharatlı,kentsel,tek,zehirli
kahverengi,yuvarlak,beyaz,çürük,kentsel,tek,zehirli
beyaz,düz,pembe,kreosot,kentsel,yok,zehirli
kırmızı,yuvarlak,siyah,tuzlu,odunluk,tek,zehirli
kahverengi,düz,beyaz,tuzlu,kentsel,tek,zehirli
sarı,içbükey,çikolata,baharatlı,orman,tek,zehirli
gri,düz,kahverengi,kreosot,gübre,tek,zehirli
gri,içbükey,kahverengi,kokusuz,çayır,tek,zehirli
beyaz,düz,çikolata,kokusuz,kentsel,yok,yenir
gri,çan,çikolata,badem,çayır,tek,zehirli
kahverengi,yuvarlak,kahverengi,kokusuz,orman,asılı,zehirli
kırmızı,yuvarlak,çikolata,çürük,kentsel,yok,zehirli
pembe,çıkıntılı,çikolata,küflü,orman,asılı,zehirli
beyaz,yuvarlak,çikolata,kokusuz,orman,yok,yenir
beyaz,yuvarlak,siyah,çürük,odunluk,yok,zehirli
gri,düz,pembe,kreosot,çayır,yok,zehirli
sarı,yuvarlak,siyah,baharatlı,orman,tek,zehirli
beyaz,çan,pembe,çürük,odunluk,yok,zehirli
sarı,içbükey,kahverengi,kokusuz,çayır,tek,yenir
beyaz,düz,beyaz,kreosot,orman,yok,zehirli
sarı,çan,kahverengi,kokusuz,orman,tek,yenir
gri,düz,pembe,küflü,orman,tek,zehirli
beyaz,içbükey,kahverengi,küflü,orman,tek,zehirli
sarı,yuvarlak,kahverengi,kokusuz,bahçe,iki,zehirli
kahverengi,yuvarlak,beyaz,kokusuz,bahçe,tek,yenir
gri,çan,siyah,çürük,çayır,yok,zehirli
beyaz,içbükey,kahverengi,baharatlı,çayır,tek,zehirli
kahverengi,düz,pembe,baharatlı,orman,iki,zehirli
sarı,düz,beyaz,çürük,çayır,asılı,zehirli
gri,yuvarlak,kahverengi,kokusuz,bahçe,iki,yenir
kahverengi,içbükey,beyaz,baharatlı,kentsel,iki,zehirli
gri,yuvarlak,kahverengi,badem,çayır,iki,yenir
kahverengi,düz,kahverengi,kokusuz,orman,yok,yenir
beyaz,çan,beyaz,kreosot,çayır,tek,zehirli
sarı,çıkıntılı,çikolata,kokusuz,orman,yok,zehirli
kahverengi,çıkıntılı,kahverengi,tuzlu,bahçe,yok,zehirli
kahverengi,düz,siyah,badem,orman,tek,yenir
kırmızı,yuvarlak,siyah,baharatlı,odunluk,tek,zehirli
beyaz,içbükey,beyaz,baharatlı,orman,iki,zehirli
beyaz,çan,çikolata,kokusuz,orman,iki,yenir
kırmızı,yuvarlak,kahverengi,baharatlı,orman,asılı,zehirli
kırmızı,düz,beyaz,badem,gübre,tek,yenir
kahverengi,düz,kahverengi,kokusuz,odunluk,tek,yenir
pembe,yuvarlak,beyaz,kokusuz,orman,iki,yenir
kahverengi,düz,pembe,çürük,orman,yok,zehirli
beyaz,içbükey,beyaz,kokusuz,çayır,tek,yenir
sarı,düz,kahverengi,tuzlu,orman,asılı,zehirli
beyaz,çıkıntılı,kahverengi,kreosot,çayır,tek,zehirli
gri,yuvarlak,siyah,kreosot,orman,yok,zehirli
beyaz,yuvarlak,kahverengi,küflü,çayır,asılı,zehirli
sarı,yuvarlak,beyaz,tuzlu,gübre,tek,yenir
kahverengi,çan,çikolata,kokusuz,odunluk,tek,yenir
kahverengi,içbükey,siyah,küflü,çayır,iki,zehirli
kırmızı,yuvarlak,pembe,kokusuz,odunluk,tek,zehirli
kahverengi,düz,kahverengi,kreosot,gübre,yok,zehirli
kahverengi,çan,siyah,çürük,orman,iki,zehirli
gri,yuvarlak,pembe,kokusuz,bahçe,asılı,zehirli
sarı,içbükey,pembe,kreosot,kentsel,yok,zehirli
gri,düz,siyah,çürük,çayır,tek,zehirli
gri,çıkıntılı,çikolata,çürük,orman,tek,zehirli
sarı,düz,beyaz,anason,odunluk,iki,yenir
pembe,düz,siyah,baharatlı,gübre,yok,zehirli
kırmızı,yuvarlak,çikolata,çürük,orman,tek,zehirli
gri,çıkıntılı,çikolata,baharatlı,kentsel,iki,zehirli
kırmızı,düz,beyaz,baharatlı,çayır,tek,zehirli
kahverengi,yuvarlak,çikolata,kokusuz,orman,yok,zehirli
kahverengi,çan,beyaz,kokusuz,orman,asılı,yenir
beyaz,yuvarlak,kahverengi,baharatlı,orman,iki,zehirli
sarı,çan,beyaz,badem,gübre,tek,yenir
kahverengi,yuvarlak,beyaz,kreosot,odunluk,tek,zehirli
beyaz,düz,kahverengi,küflü,bahçe,asılı,yenir
kahverengi,çan,kahverengi,küflü,çayır,asılı,zehirli
pembe,çıkıntılı,çikolata,çürük,çayır,tek,zehirli
kahverengi,düz,pembe,baharatlı,odunluk,asılı,zehirli
sarı,düz,kahverengi,çürük,çayır,yok,zehirli
gri,yuvarlak,beyaz,kreosot,orman,tek,zehirli
sarı,yuvarlak,beyaz,çürük,orman,tek,zehirli
kahverengi,içbükey,beyaz,badem,orman,tek,yenir
kahverengi,düz,siyah,baharatlı,kentsel,tek,zehirli
